com_id,com_nam,lin_ima,spo_nam,aff_com_nam,tot_rec,tot_dis,cas_on_han,cov_end_dat
C00381384,13TH COLONY LEADERSHIP COMMITTEE INC,http://docquery.fec.gov/cgi-bin/fecimg/?C00381384,,JOHN HEDDENS KINGSTON,"$15,009.70","$20,852.00","$64,897.11",2013-06-30
C00498709,19TH STAR PAC INC; THE,http://docquery.fec.gov/cgi-bin/fecimg/?C00498709,"LUGAR, SEN. RICHARD G.",LUGAR,"$9,066.90","$6,283.00","$90,583.86",2013-09-30
C00361956,21ST CENTURY MAJORITY FUND,http://docquery.fec.gov/cgi-bin/fecimg/?C00361956,,JOHNNY ISAKSON,"$378,948.80","$321,854.50","$300,405.86",2013-11-30
C00315747,21ST CENTURY PAC,http://docquery.fec.gov/cgi-bin/fecimg/?C00315747,"MCKEON, HOWARD",MCKEON,"$158,910.50","$110,926.90","$56,414.86",2013-10-31
C00448563,3RD AND LONG PAC,http://docquery.fec.gov/cgi-bin/fecimg/?C00448563,,HEATH SHULER FOR CONGRESS,,$600.00,"$6,732.19",2013-10-31
C00416552,3T PAC,http://docquery.fec.gov/cgi-bin/fecimg/?C00416552,"RAHALL, NICK",,"$10,000.00","$32,760.00","$28,604.61",2013-06-30
C00543504,4MA PAC,http://docquery.fec.gov/cgi-bin/fecimg/?C00543504,,JOSEPH P KENNEDY III,"$22,000.20","$13,657.70","$8,342.46",2013-09-30
C00457044,A MORE PERFECT UNION,http://docquery.fec.gov/cgi-bin/fecimg/?C00457044,"JACKSON, JR., JESSE","JACKSON, JR.",,$997.10,,2013-01-11
C00458570,A NEW DIRECTION PAC,http://docquery.fec.gov/cgi-bin/fecimg/?C00458570,,SENATOR JEANNE SHAHEEN,"$25,500.00","$32,778.70","$15,633.99",2013-06-30
C00471813,ACCOUNTABILITY PAC,http://docquery.fec.gov/cgi-bin/fecimg/?C00471813,,BILL POSEY,,,"$7,695.00",2013-06-30
C00411579,ACTON PAC,http://docquery.fec.gov/cgi-bin/fecimg/?C00411579,"WESTMORELAND, LYNN",WESTMORELAND,"$83,500.00","$88,698.50","$7,022.40",2013-10-31
C00508929,ADIRONDACK JOBS PAC,http://docquery.fec.gov/cgi-bin/fecimg/?C00508929,,WILLIAM L OWENS,"$5,000.00","$5,473.20","$17,396.61",2013-06-30
C00368571,ADVANCE THE MAJORITY POLITICAL ACTION COMMITTEE,http://docquery.fec.gov/cgi-bin/fecimg/?C00368571,"MILLER, JEFFERSON B.",,,"$21,842.30","$4,334.40",2013-06-30
C00387464,ALAMO PAC,http://docquery.fec.gov/cgi-bin/fecimg/?C00387464,"CORNYN, JOHN",CORNYN,"$303,025.40","$329,542.90","$227,879.76",2013-07-15
C00344788,ALL AMERICA PAC,http://docquery.fec.gov/cgi-bin/fecimg/?C00344788,,EVAN BAYH,"$27,008.40","$7,115.90","$428,333.94",2013-09-30
C00451278,"ALL NEW SOLAR, WIND & EFFICIENCY RESOURCES PAC (ANSWER PAC)",http://docquery.fec.gov/cgi-bin/fecimg/?C00451278,,CONGRESSMAN JOHN HALL,,,"$1,263.45",2013-06-30
C00483628,ALL POWER TO THE PEOPLE PAC,http://docquery.fec.gov/cgi-bin/fecimg/?C00483628,"RUSH, BOBBY",RUSH,,$90.00,$532.08,2013-06-30
C00493221,ALLEN WEST GUARDIAN FUND,http://docquery.fec.gov/cgi-bin/fecimg/?C00493221,,ALLEN B WEST,"$1,346,094.60","$636,933.90","$728,054.26",2013-06-30
C00095109,ALLIANZ OF AMERICA CORPORATION/FIREMAN'S FUND POLITICAL ACTION COMMITTEE,http://docquery.fec.gov/cgi-bin/fecimg/?C00095109,,ALLIANZ OF AMERICA CORPORATION,"$59,367.00","$52,050.00","$68,388.21",2013-11-30
C00411967,ALOHA PAC,http://docquery.fec.gov/cgi-bin/fecimg/?C00411967,,NEIL ABERCROMBIE,,"$1,149.40","$5,423.77",2013-06-30
C00427187,AMERICA FIRST POLITICAL ACTION COMMITTEE,http://docquery.fec.gov/cgi-bin/fecimg/?C00427187,,GARY MILLER,"$6,600.00","$16,316.60","$23,142.00",2013-06-30
C00494864,AMERICA FIRST-GREGORY FOR OHIO PAC,http://docquery.fec.gov/cgi-bin/fecimg/?C00494864,,,,,,
C00403675,AMERICA FORWARD LEADERSHIP PAC,http://docquery.fec.gov/cgi-bin/fecimg/?C00403675,"CONYERS, JOHN",CONYERS,"$6,000.00","$19,593.00",$998.78,2013-06-30
C00511196,AMERICA NOW,http://docquery.fec.gov/cgi-bin/fecimg/?C00511196,"CARSON, ANDRE",CARSON,"$15,000.00","$13,500.00","$10,010.00",2013-11-30
C00331694,AMERICA WORKS PAC,http://docquery.fec.gov/cgi-bin/fecimg/?C00331694,,FRIENDS OF SHERROD BROWN,"$131,500.00","$135,808.00","$13,452.95",2013-06-30
C00524314,AMERICA'S FIRST PAC,http://docquery.fec.gov/cgi-bin/fecimg/?C00524314,,ROB WITTMAN,,,"$4,000.00",2013-06-30
C00494757,AMERICA'S FUTURE FUND PAC,http://docquery.fec.gov/cgi-bin/fecimg/?C00494757,"RENACCI, JAMES",RENACCI,"$2,200.00","$40,002.50",$702.08,2013-09-30
C00375584,AMERICA'S LEADERSHIP PAC,http://docquery.fec.gov/cgi-bin/fecimg/?C00375584,,DEBBIE STABENOW,"$259,541.50","$234,756.90","$71,680.25",2013-11-05
C00436873,AMERICA'S OPPORTUNITY FUND,http://docquery.fec.gov/cgi-bin/fecimg/?C00436873,,HON. NORM MINETA,"$1,000.00","$8,994.30","$7,826.75",2013-06-30
C00492025,AMERICAN DEFENSE AND MILITARY PAC (ADAM PAC),http://docquery.fec.gov/cgi-bin/fecimg/?C00492025,,ADAM SMITH,"$12,500.00","$8,757.70","$11,584.12",2013-06-30
C00524033,AMERICAN FREEDOM PAC,http://docquery.fec.gov/cgi-bin/fecimg/?C00524033,,CONGRESSMAN TIM HUELSKAMP,"$5,000.00","$6,179.20","$17,846.11",2013-06-30
C00352757,AMERICAN LEADERSHIP COUNCIL PAC,http://docquery.fec.gov/cgi-bin/fecimg/?C00352757,,KNOLLENBERG FOR CONGRESS COMMITTEE,,"$4,706.90","$1,049.74",2013-06-30
C00553271,AMERICAN LEADERSHIP NOW (ALN PAC),http://docquery.fec.gov/cgi-bin/fecimg/?C00553271,,PETER T KING,,,,
C00495150,AMERICAN LIBERTY AND NATION PAC (ALAN PAC),http://docquery.fec.gov/cgi-bin/fecimg/?C00495150,"NUNNELEE, PATRICK ALAN",NUNNELEE,"$39,200.00","$17,110.00","$28,877.92",2013-06-30
C00439521,AMERICAN SECURITY PAC,http://docquery.fec.gov/cgi-bin/fecimg/?C00439521,"ROGERS, MIKE",ROGERS,"$25,000.00","$25,522.10","$2,719.17",2013-09-30
C00383422,AMERICANS FOR REPUBLICAN LEADERSHIP PAC,http://docquery.fec.gov/cgi-bin/fecimg/?C00383422,"LANCE, LEONARD",,,"$3,800.00",$900.00,2013-06-30
C00375378,AMERICANS NATIONWIDE DEDICATED TO ELECTING REPUBLICANS PAC,http://docquery.fec.gov/cgi-bin/fecimg/?C00375378,,HON. ANDER CRENSHAW,"$5,000.00","$12,012.50","$27,416.58",2013-06-30
C00271338,AMERIPAC: THE FUND FOR A GREATER AMERICA,http://docquery.fec.gov/cgi-bin/fecimg/?C00271338,,STENY HOYER,"$854,637.20","$1,047,618.00","$888,176.91",2013-10-31
C00527846,ANN MARIE PAC,http://docquery.fec.gov/cgi-bin/fecimg/?C00527846,,ANN MARIE BUERKLE,,"$3,307.80","$7,395.96",2013-06-30
C00531764,ANN PAC,http://docquery.fec.gov/cgi-bin/fecimg/?C00531764,"WAGNER, ANN L",WAGNER,"$67,045.00","$17,636.30","$50,408.74",2013-09-30
C00540062,ANNIEPAC,http://docquery.fec.gov/cgi-bin/fecimg/?C00540062,"KUSTER, ANNIE",KUSTER,"$5,000.00",$415.00,"$4,610.00",2013-06-30
C00524777,APAC,http://docquery.fec.gov/cgi-bin/fecimg/?C00524777,,,,"$10,151.50",$111.27,2013-06-30
C00416404,ARCH LEADERSHIP PAC,http://docquery.fec.gov/cgi-bin/fecimg/?C00416404,,RUSS CARNAHAN FOR CONGRESS,,"$22,595.10","$6,285.03",2013-06-30
C00413948,ARKANSAS FOR LEADERSHIP POLITICAL ACTION COMMITTEE (ARKPAC),http://docquery.fec.gov/cgi-bin/fecimg/?C00413948,"BOOZMAN, JOHN",,"$126,050.00","$83,849.50","$80,816.30",2013-06-30
C00461624,ARTICLE 1 POLITICAL ACTION COMMITTEE,http://docquery.fec.gov/cgi-bin/fecimg/?C00461624,,MR JOHN A YARMUTH,,,"$13,119.46",2013-06-30
C00490573,ASSOCIATION OF PHYSICIANS OF INDIAN ORIGIN POLITICAL ACTION COMMITTEE,http://docquery.fec.gov/cgi-bin/fecimg/?C00490573,,,,"$1,500.00","$11,886.44",2013-06-30
C00552489,AT THE TABLE!,http://docquery.fec.gov/cgi-bin/fecimg/?C00552489,,GRACE MENG,,,,
C00526301,ATHENA PAC,http://docquery.fec.gov/cgi-bin/fecimg/?C00526301,,KATHY CASTOR,"$5,000.00","$1,000.00","$14,000.00",2013-09-30
C00545277,ATTAIN LLC PAC,http://docquery.fec.gov/cgi-bin/fecimg/?C00545277,,,,,,
C00506535,AX PAC,http://docquery.fec.gov/cgi-bin/fecimg/?C00506535,"DUFFY, SEAN",DUFFY,"$17,000.00","$8,301.30","$9,689.26",2013-10-31
C00382242,BADGERPAC,http://docquery.fec.gov/cgi-bin/fecimg/?C00382242,,CONGRESSMAN RON KIND,"$123,645.00","$83,972.20","$65,863.51",2013-06-30
C00543207,BADLANDS PAC,http://docquery.fec.gov/cgi-bin/fecimg/?C00543207,,REP KEVIN CRAMER,,,,2013-06-30
C00428045,BART'S BRIDGE PAC,http://docquery.fec.gov/cgi-bin/fecimg/?C00428045,,BART STUPAK,,"$16,218.30","$10,737.92",2013-09-30
C00364596,BATTLE BORN POLITICAL ACTION COMMITTEE,http://docquery.fec.gov/cgi-bin/fecimg/?C00364596,"ENSIGN, JOHN E",SENATE MAJORITY COMMITTEE 2008,,"$15,153.50",,2013-06-30
C00411850,BECAUSE ALL RESPONSIBLE TAXPAYERS LIKE EVERY TRUTH TOLD PAC,http://docquery.fec.gov/cgi-bin/fecimg/?C00411850,"BARTLETT, ROSCOE G. REP.",BARTLETT,$300.00,"$3,988.50",,2013-03-22
C00495457,BETTER GOVERNANCE FOR AFRICA,http://docquery.fec.gov/cgi-bin/fecimg/?C00495457,,,,,,
C00503581,BETTER LEADERSHIP - BETTER AMERICA PAC,http://docquery.fec.gov/cgi-bin/fecimg/?C00503581,,MR EDWARD SCOTT RIGELL,"$10,000.00","$11,636.60",$340.81,2013-06-30
C00405050,BETTY PAC,http://docquery.fec.gov/cgi-bin/fecimg/?C00405050,"MCCOLLUM, BETTY",MCCOLLUM,"$31,500.00","$22,983.80","$19,830.10",2013-11-30
C00529834,BFP,http://docquery.fec.gov/cgi-bin/fecimg/?C00529834,,,"$10,200.00",$95.80,"$10,544.03",2013-06-30
C00483727,BIG RED POLITICAL ACTION COMMITTEE,http://docquery.fec.gov/cgi-bin/fecimg/?C00483727,"TERRY, LEE",TERRY,"$65,500.00","$32,456.80","$59,251.67",2013-09-30
C00542027,BIG SKY OPPORTUNITY PAC,http://docquery.fec.gov/cgi-bin/fecimg/?C00542027,,STEVE DAINES,"$15,050.00","$11,766.90","$3,283.00",2013-09-30
C00285098,BIG TENT PAC,http://docquery.fec.gov/cgi-bin/fecimg/?C00285098,"SPECTER, ARLEN",SPECTER,,"$4,702.00","$17,118.25",2013-06-30
C00412288,BILL PAC,http://docquery.fec.gov/cgi-bin/fecimg/?C00412288,"SHUSTER, WILLIAM F",SHUSTER,"$475,019.80","$272,011.30","$292,697.38",2013-10-31
C00527275,BILL PAC,http://docquery.fec.gov/cgi-bin/fecimg/?C00527275,,BILL FLORES,$40.00,"$2,407.70","$1,082.73",2013-06-30
C00505636,BISHOP PAC BUILDING INFRASTRUCTURE HARNESSING OUR PRIORITIES,http://docquery.fec.gov/cgi-bin/fecimg/?C00505636,"BISHOP, TIMOTHY",BISHOP,,$137.00,$254.15,2013-06-30
C00493700,BLUE HEN PAC,http://docquery.fec.gov/cgi-bin/fecimg/?C00493700,"COONS, CHRISTOPHER",COONS,"$86,100.00","$77,548.40","$19,199.13",2013-06-30
C00529693,BLUE MAJORITY PAC,http://docquery.fec.gov/cgi-bin/fecimg/?C00529693,,MARK POCAN,,"$2,807.50","$3,351.50",2013-06-30
C00235655,BLUEGRASS COMMITTEE,http://docquery.fec.gov/cgi-bin/fecimg/?C00235655,"MCCONNELL, MITCH",MCCONNELL,"$141,944.40","$335,269.50","$178,634.65",2013-07-15
C00393603,BOOT PAC AKA BUILDING OUR OPPORTUNITIES TOGETHER PAC,http://docquery.fec.gov/cgi-bin/fecimg/?C00393603,"REHBERG, DENNIS",,"$1,090.00","$4,448.30",,2013-08-30
C00430819,BORN FIGHTING PAC,http://docquery.fec.gov/cgi-bin/fecimg/?C00430819,,,"$109,217.70","$9,078.30","$103,728.10",2013-06-30
C00433177,BOSPAC,http://docquery.fec.gov/cgi-bin/fecimg/?C00433177,"BOSWELL, LEONARD",,$3.10,$175.00,"$5,269.79",2013-09-30
C00430579,BRAVE PAC,http://docquery.fec.gov/cgi-bin/fecimg/?C00430579,"SCOTT, DAVID",SCOTT,"$2,500.00",,"$4,817.27",2013-06-30
C00483487,BRETTPAC-THE LEADERSHIP PAC OF U.S.REPRESENATIVE BRETT GUTHRIE,http://docquery.fec.gov/cgi-bin/fecimg/?C00483487,,,"$38,545.50","$43,598.80","$19,323.19",2013-09-30
C00448472,BRINGING LEADERSHIP BACK PAC,http://docquery.fec.gov/cgi-bin/fecimg/?C00448472,,BRUCE L BRALEY,"$23,530.00","$13,631.40","$10,187.59",2013-06-30
C00366781,BUCKEYE LIBERTY PAC,http://docquery.fec.gov/cgi-bin/fecimg/?C00366781,"JORDAN, JAMES",JORDAN,"$15,000.00","$49,156.10","$37,382.39",2013-06-30
C00491183,BUDGETHAWKS.COM,http://docquery.fec.gov/cgi-bin/fecimg/?C00491183,,JASON CHAFFETZ,"$9,775.00","$16,725.00","$9,444.70",2013-06-30
C00377143,BUILD AMERICA PAC,http://docquery.fec.gov/cgi-bin/fecimg/?C00377143,"MEEKS, GREGORY",MEEKS,"$15,007.50","$21,382.20","$12,339.18",2013-06-30
C00412221,BUILDING A MAJORITY PAC (BAMPAC),http://docquery.fec.gov/cgi-bin/fecimg/?C00412221,"MIKULSKI, BARBARA",,"$121,700.00","$117,235.60","$50,174.94",2013-11-30
C00505693,BUILDING EFFECTIVE RESPONSIBLE GOVERNMENT PAC (BERG PAC),http://docquery.fec.gov/cgi-bin/fecimg/?C00505693,"BERG, RICHARD",BERG,,"$1,775.00","$37,377.00",2013-06-30
C00489427,BUILDING LEADERSHIP AND INSPIRING NEW ENTERPRISE PAC,http://docquery.fec.gov/cgi-bin/fecimg/?C00489427,"LUETKEMEYER, W BLAINE",LUETKEMEYER,,"$2,691.00","$1,313.22",2013-09-30
C00510248,BUILDING OUR BASE - BOB PAC,http://docquery.fec.gov/cgi-bin/fecimg/?C00510248,,MR ROBERT B GIBBS,"$5,000.00","$21,971.70",$966.13,2013-06-30
C00399196,BUILDING RELATIONSHIPS IN DIVERSE GEOGRAPHIC ENVIRONMENTS PAC (BRIDGE PAC),http://docquery.fec.gov/cgi-bin/fecimg/?C00399196,"CLYBURN, JAMES E",CLYBURN,"$600,000.00","$309,263.50","$447,421.60",2013-10-31
C00347443,CACTUS POLITICAL ACTION COMMITTEE (PAC),http://docquery.fec.gov/cgi-bin/fecimg/?C00347443,"PASTOR, ED L",,"$5,001.00","$2,990.00","$25,467.01",2013-09-30
C00491985,CAJUN POLITICAL ACTION COMMITTEE (CAJUNPAC),http://docquery.fec.gov/cgi-bin/fecimg/?C00491985,,CONGRESSMAN JEFF LANDRY (SPONSOR),,$15.00,"$1,379.71",2013-09-30
C00359430,CALPAC - CALIFORNIA AGGRESSIVE LEADERSHIP,http://docquery.fec.gov/cgi-bin/fecimg/?C00359430,,LATINO PAC,"$5,150.00","$3,664.40","$15,241.87",2013-06-30
C00386300,CALUMET PAC,http://docquery.fec.gov/cgi-bin/fecimg/?C00386300,"VISCLOSKY, PETER",,"$35,000.00","$15,957.90","$40,480.94",2013-06-30
C00441501,CAMPAIGN FOR CHANGE,http://docquery.fec.gov/cgi-bin/fecimg/?C00441501,,,"$19,093.40","$171,598.00","$538,634.67",2013-06-30
C00409508,CAMPAIGN FOR OUR COUNTRY,http://docquery.fec.gov/cgi-bin/fecimg/?C00409508,"KERRY, JOHN",KERRY,$10.40,"$28,079.40",,2013-07-25
C00388959,CAP PAC,http://docquery.fec.gov/cgi-bin/fecimg/?C00388959,"MCCARTHY, REP. CAROLYN",MCCARTHY,,$353.20,"$2,495.51",2013-06-30
C00506907,CAPAC LEADERSHIP PAC,http://docquery.fec.gov/cgi-bin/fecimg/?C00506907,,JUDY CHU,"$33,925.00","$15,700.10","$24,369.12",2013-10-31
C00341990,CAROLYN'S PAC,http://docquery.fec.gov/cgi-bin/fecimg/?C00341990,,,"$37,700.00","$21,320.00","$53,629.66",2013-09-30
C00544411,CATALYST PAC,http://docquery.fec.gov/cgi-bin/fecimg/?C00544411,"RADEL, HENRY",RADEL,,,,2013-06-30
C00511840,CAVPAC,http://docquery.fec.gov/cgi-bin/fecimg/?C00511840,,MIKE POMPEO,"$43,250.00","$4,588.10","$65,205.39",2013-06-30
C00440024,CHAMPIONS OF AMERICAN FREEDOM PAC (CAFPAC),http://docquery.fec.gov/cgi-bin/fecimg/?C00440024,"MCCOTTER, THADDEUS G MR.",,,"$8,503.80",,2013-06-30
C00540906,CHERPAC,http://docquery.fec.gov/cgi-bin/fecimg/?C00540906,,CHERI BUSTOS,,,,2013-06-30
C00492819,CHESAPEAKE PAC,http://docquery.fec.gov/cgi-bin/fecimg/?C00492819,"HARRIS, ANDREW",HARRIS,"$37,500.00","$50,944.60","$3,798.84",2013-11-30
C00469411,CHUTZPAC,http://docquery.fec.gov/cgi-bin/fecimg/?C00469411,,HOWARD L BERMAN,"$13,336.30","$32,314.50","$3,295.78",2013-09-30
C00491654,CITIZENS FOR PROSPERITY IN AMERICA TODAY PAC,http://docquery.fec.gov/cgi-bin/fecimg/?C00491654,,PATRICK JOSEPH TOOMEY,"$455,115.00","$294,660.10","$193,340.10",2013-10-31
C00524322,CITIZENS STRENGTHENING OUR MAJORITY IN THE HOUSE (C SMITH PAC),http://docquery.fec.gov/cgi-bin/fecimg/?C00524322,,CHRIS SMITH,"$2,451.40",$186.00,"$2,508.80",2013-09-30
C00469429,CMR POLITICAL ACTION COMMITTEE,http://docquery.fec.gov/cgi-bin/fecimg/?C00469429,,CATHY MCMORRIS RODGERS,"$116,500.00","$85,828.80","$35,902.51",2013-06-30
C00400457,COME BACK POLITICAL ACTION COMMITTEE,http://docquery.fec.gov/cgi-bin/fecimg/?C00400457,,TIM MURPHY,,"$1,378.40","$3,927.73",2013-06-30
C00427286,"COMMERCE, HOPE, INNOVATION & PROGRESS PAC",http://docquery.fec.gov/cgi-bin/fecimg/?C00427286,,,,,,2013-09-30
C00485565,COMMITTED TO PROTECTING OUR COUNTRY PAC,http://docquery.fec.gov/cgi-bin/fecimg/?C00485565,,CHRISTOPHER P CARNEY,,,,
C00451609,COMMITTED TO WIN PAC,http://docquery.fec.gov/cgi-bin/fecimg/?C00451609,"HASTINGS FOR CONGRESS, HASTINGS FOR CONGRES",HASTINGS FOR CONGRESS,,"$7,500.00","$8,685.40",2013-09-30
C00370122,COMMITTEE FOR A DEMOCRATIC FUTURE,http://docquery.fec.gov/cgi-bin/fecimg/?C00370122,"DELAURO, ROSA L",DELAURO,"$26,072.80","$37,172.60",$689.81,2013-06-30
C00323352,COMMITTEE FOR A LIVABLE FUTURE,http://docquery.fec.gov/cgi-bin/fecimg/?C00323352,"BLUMENAUER, EARL",BLUMENAUER CENTURY FUND,"$77,323.70","$75,296.10","$38,342.93",2013-11-30
C00366666,COMMITTEE FOR LEADERSHIP AND PROGRESS,http://docquery.fec.gov/cgi-bin/fecimg/?C00366666,"LOWEY, NITA",,"$17,000.00","$5,266.90","$34,727.11",2013-06-30
C00196824,COMMITTEE FOR PROGRESSIVE CONGRESS,http://docquery.fec.gov/cgi-bin/fecimg/?C00196824,"OBEY, DAVID",,,"$1,252.50","$20,481.08",2013-11-30
C00362236,COMMITTEE FOR SOUTHWEST VIRGINIA,http://docquery.fec.gov/cgi-bin/fecimg/?C00362236,,BOUCHER FOR CONGRESS,"$5,247.60",-$753.00,"$239,928.16",2013-09-30
C00492165,COMMITTEE TO STRENGTHEN AMERICA; THE,http://docquery.fec.gov/cgi-bin/fecimg/?C00492165,,ROBERT E. ANDREWS,"$15,000.00","$16,833.90","$67,100.96",2013-06-30
C00542746,COMMON GOOD FUND,http://docquery.fec.gov/cgi-bin/fecimg/?C00542746,,JAMES MCDERMOTT,,,,2013-06-30
C00538835,COMMON GROUND PAC,http://docquery.fec.gov/cgi-bin/fecimg/?C00538835,"KAINE, TIMOTHY",KAINE,"$590,010.50","$395,706.80","$295,156.63",2013-07-15
C00491936,COMMON SENSE COLORADO,http://docquery.fec.gov/cgi-bin/fecimg/?C00491936,,MICHAEL BENNET,"$284,500.00","$217,732.70","$89,318.89",2013-06-30
C00345058,COMMON SENSE COMMON SOLUTIONS POLITICAL ACTION COMMITTEE,http://docquery.fec.gov/cgi-bin/fecimg/?C00345058,"GRANGER, KAY",GRANGER,"$7,500.00","$9,000.90","$7,007.13",2013-06-30
C00491142,COMMON SENSE DEMOCRAT PAC,http://docquery.fec.gov/cgi-bin/fecimg/?C00491142,,STEPHEN F LYNCH,,$30.00,"$4,895.00",2013-06-30
C00442368,COMMON VALUES PAC,http://docquery.fec.gov/cgi-bin/fecimg/?C00442368,,BARRASSO VICTORY COMMITTEE,"$233,650.00","$178,984.20","$144,911.09",2013-06-30
C00498931,COMMONWEALTH PAC,http://docquery.fec.gov/cgi-bin/fecimg/?C00498931,,,"$16,000.00","$5,359.80","$17,865.85",2013-09-30
C00540989,COMMUNITY PAC,http://docquery.fec.gov/cgi-bin/fecimg/?C00540989,,"HENRY C ""HANK"" JOHNSON JR",$50.00,,$50.00,2013-06-30
C00481176,CONCERNED AMERICANS FOR FREEDOM & OPPORTUNITY PAC (CAFO PAC),http://docquery.fec.gov/cgi-bin/fecimg/?C00481176,,ADRIAN SMITH,"$40,308.20","$44,573.00","$5,383.61",2013-10-31
C00117721,CONGRESSIONAL MAJORITY COMMITTEE,http://docquery.fec.gov/cgi-bin/fecimg/?C00117721,,,,"$17,888.70","$104,787.67",2013-06-30
C00427401,CONSERVATIVE & REPUBLICAN TOGETHER EQUALS RESULTS PAC,http://docquery.fec.gov/cgi-bin/fecimg/?C00427401,"CARTER, JOHN R.",CARTER,"$2,000.00",$280.90,"$15,033.08",2013-06-30
C00488155,CONSERVATIVE AMERICAN NETWORK DELIVERING INCREASED CONGRESSIONAL EXCELLENCE (CANDICE-PAC),http://docquery.fec.gov/cgi-bin/fecimg/?C00488155,"MILLER, CANDICE",MILLER,"$30,000.00","$35,568.40","$9,358.36",2013-09-30
C00388223,CONSERVATIVE LEADERSHIP FUND,http://docquery.fec.gov/cgi-bin/fecimg/?C00388223,"FORBES, J. RANDY",FORBES,"$5,000.00","$14,435.00","$6,215.55",2013-06-30
C00409458,CONSERVATIVE OPPORTUNITIES FOR A NEW AMERICA PAC,http://docquery.fec.gov/cgi-bin/fecimg/?C00409458,,CONAWAY MAJORITY FUND,"$71,000.00","$16,038.00","$74,188.29",2013-06-30
C00404392,CONSERVATIVE OPPURTUNITY LEADERSHIP AND ENTERPRISE PAC (COLE PAC),http://docquery.fec.gov/cgi-bin/fecimg/?C00404392,,TOM COLE,"$61,200.00","$37,048.70","$59,280.81",2013-06-30
C00428839,CONSERVATIVE PRINCIPLES PAC,http://docquery.fec.gov/cgi-bin/fecimg/?C00428839,,STEVEN KING,"$8,000.00",$370.00,"$11,911.25",2013-09-30
C00549725,CONSERVATIVE ROUNDTABLE,http://docquery.fec.gov/cgi-bin/fecimg/?C00549725,,GEORGE E B HOLDING,,,,
C00494559,CONSERVATIVES ORGANIZED TO ADVANCE TOMORROW'S SOLUTIONS (COATS PAC),http://docquery.fec.gov/cgi-bin/fecimg/?C00494559,,DANIEL R COATS,"$79,031.90","$52,060.30","$71,355.69",2013-06-30
C00502187,CONSERVATIVES RESTORING EXCELLENCE (CRE-PAC),http://docquery.fec.gov/cgi-bin/fecimg/?C00502187,"ELLMERS, RENEE",ELLMERS,"$19,625.00","$13,087.90","$8,518.97",2013-10-16
C00497362,CONSTITUTIONAL CONSERVATIVES FUND,http://docquery.fec.gov/cgi-bin/fecimg/?C00497362,"LEE, MIKE",LEE,"$30,086.00","$32,290.60","$20,640.94",2013-10-31
C00350462,CONTINUING A MAJORITY PARTY ACTION COMMITTEE (CAMPAC),http://docquery.fec.gov/cgi-bin/fecimg/?C00350462,,DAVID LEE CAMP,"$348,737.70","$360,530.60","$82,071.32",2013-10-31
C00525592,COOL PAC,http://docquery.fec.gov/cgi-bin/fecimg/?C00525592,"WEBSTER, DANIEL",WEBSTER,,"$12,000.00","$2,500.00",2013-06-30
C00445908,CORAL REEF PAC,http://docquery.fec.gov/cgi-bin/fecimg/?C00445908,,CLARKE FOR CONGRESS,,,,
C00497131,"CORY PAC, INC.",http://docquery.fec.gov/cgi-bin/fecimg/?C00497131,"BOOKER, CORY",BOOKER,"$43,000.80","$47,822.10","$45,126.85",2013-06-30
C00457705,COUNTRY FIRST POLITICAL ACTION COMMITTEE INC. (COUNTRY FIRST PAC),http://docquery.fec.gov/cgi-bin/fecimg/?C00457705,,PATRIOT FIRST PAC,"$290,739.90","$698,554.50","$125,270.81",2013-11-30
C00484402,COUNTRY ROADS PAC,http://docquery.fec.gov/cgi-bin/fecimg/?C00484402,"MANCHIN, JOE",MANCHIN,"$201,840.80","$109,446.20","$133,904.55",2013-11-30
C00522060,DAGNY POLITICAL ACTION COMMITTEE,http://docquery.fec.gov/cgi-bin/fecimg/?C00522060,,CYNTHIA LUMMIS,,,"$1,909.00",2013-06-30
C00493072,DAKOTA PAC,http://docquery.fec.gov/cgi-bin/fecimg/?C00493072,,,"$55,600.00","$50,828.60","$5,180.24",2013-06-30
C00536607,DAKOTA PRAIRIE PAC,http://docquery.fec.gov/cgi-bin/fecimg/?C00536607,,HEIDI HEITKAMP,"$135,000.00","$95,584.70","$39,415.26",2013-06-30
C00364356,DAKPAC,http://docquery.fec.gov/cgi-bin/fecimg/?C00364356,,KENT CONRAD,,,,
C00387134,DANIEL WEBSTER PAC,http://docquery.fec.gov/cgi-bin/fecimg/?C00387134,"SUNUNU, JOHN E",,$.40,"$3,140.00","$3,390.38",2013-06-30
C00410787,DANPAC,http://docquery.fec.gov/cgi-bin/fecimg/?C00410787,,,"$10,025.10","$53,006.00",,2013-07-16
C00455360,DAWG PAC - DEMOCRATS AGAINST WASTE IN GOVERNMENT,http://docquery.fec.gov/cgi-bin/fecimg/?C00455360,"BARROW, JOHN",JOHN BARROW,"$32,850.00","$35,149.10","$89,574.86",2013-06-30
C00540393,DBM PAC,http://docquery.fec.gov/cgi-bin/fecimg/?C00540393,,DAVID B MCKINLEY,,,,2013-10-31
C00427930,DEDICATED TO ESTABLISHING NATIONAL TEAMWORK PAC (DENT PAC),http://docquery.fec.gov/cgi-bin/fecimg/?C00427930,"DENT, CHARLES W.",,"$5,000.00","$15,020.00","$5,963.25",2013-10-31
C00455741,DEEP BLUE,http://docquery.fec.gov/cgi-bin/fecimg/?C00455741,,,"$20,000.00","$8,219.40","$13,582.00",2013-09-30
C00325993,DEFEND AMERICA PAC,http://docquery.fec.gov/cgi-bin/fecimg/?C00325993,,SENATOR RICHARD SHELBY,"$489,073.80","$291,870.40","$4,308,809.42",2013-10-31
C00463331,DEFENDING AMERICA'S FUTURE,http://docquery.fec.gov/cgi-bin/fecimg/?C00463331,"FRANKS, TRENT",FRANKS,"$24,030.00","$27,130.40",$426.78,2013-09-30
C00497594,DEFENDING AMERICA'S VALUES EVERYWHERE (TEAM DAVE),http://docquery.fec.gov/cgi-bin/fecimg/?C00497594,,DAVID SCHWEIKERT,"$21,000.00","$20,810.60",$229.33,2013-06-30
C00499996,DEFENDING AND INVESTING IN AMERICA'S NEW ENDEAVORS PAC (DIANE PAC),http://docquery.fec.gov/cgi-bin/fecimg/?C00499996,"BLACK, DIANE",BLACK,"$43,156.30","$18,982.40","$30,583.11",2013-10-31
C00531632,DEFENSE ECONOMIC RENEWAL EDUCATION AND KNOWLEDGE PAC,http://docquery.fec.gov/cgi-bin/fecimg/?C00531632,,DEREK KILMER,"$10,100.00","$25,983.50","$1,871.25",2013-06-30
C00523670,DEL PAC,http://docquery.fec.gov/cgi-bin/fecimg/?C00523670,,JOHN CARNEY,"$7,500.00","$12,473.50","$4,090.00",2013-06-30
C00423079,DEMOCRATS RESHAPING AMERICA (DREAMPAC),http://docquery.fec.gov/cgi-bin/fecimg/?C00423079,"SANCHEZ, LINDA",SANCHEZ,"$7,500.00","$13,012.00",$270.15,2013-06-30
C00450577,DEMOCRATS TIME IN NEVADA,http://docquery.fec.gov/cgi-bin/fecimg/?C00450577,"TITUS, DINA",TITUS,"$4,000.00","$1,364.70","$8,148.33",2013-06-30
C00448001,DEMOCRATS UNITED TO CHANGE AND HOPE PAC (DUTCH PAC),http://docquery.fec.gov/cgi-bin/fecimg/?C00448001,,C.A. DUTCH RUPPERSBERGER,"$24,000.00","$20,049.50","$16,967.70",2013-06-30
C00425470,DEMOCRATS WIN SEATS (DWS PAC),http://docquery.fec.gov/cgi-bin/fecimg/?C00425470,"WASSERMAN SCHULTZ, DEBBIE",WASSERMAN SCHULTZ,"$423,336.60","$181,751.60","$334,033.25",2013-06-30
C00438291,DENALI LEADERSHIP PAC,http://docquery.fec.gov/cgi-bin/fecimg/?C00438291,"MURKOWSKI, LISA",MURKOWSKI,"$116,091.00","$82,256.90","$166,333.09",2013-06-30
C00500223,DIAMOND PAC,http://docquery.fec.gov/cgi-bin/fecimg/?C00500223,,,"$12,500.00","$9,620.00","$4,941.91",2013-06-30
C00391797,DIRIGO PAC,http://docquery.fec.gov/cgi-bin/fecimg/?C00391797,,SENATOR SUSAN M. COLLINS,"$63,550.90","$99,757.50","$138,766.74",2013-07-15
C00396721,DOC PAC,http://docquery.fec.gov/cgi-bin/fecimg/?C00396721,"GINGREY, J. PHILLIP",GINGREY,"$43,500.00","$69,702.90","$27,586.89",2013-10-31
C00531756,DOUGLASPAC-DOING OUR UTMOST FOR GOD LIBERTY AND SECURITY,http://docquery.fec.gov/cgi-bin/fecimg/?C00531756,,DOUGLAS LAMBORN,"$2,500.00",$7.80,"$13,484.34",2013-06-30
C00467837,EDPAC,http://docquery.fec.gov/cgi-bin/fecimg/?C00467837,"PERLMUTTER, ED",PERLMUTTER,"$27,000.00","$29,344.00","$8,776.07",2013-06-30
C00329292,EDUCATION & OPPORTUNITY FUND II,http://docquery.fec.gov/cgi-bin/fecimg/?C00329292,"WU, DAVID",WU,,"$26,983.70","$6,334.41",2013-06-30
C00442590,EFFECTIVE LEADERSHIP PAC,http://docquery.fec.gov/cgi-bin/fecimg/?C00442590,,,"$48,815.70","$49,660.20",$547.23,2013-09-30
C00477067,EMPIRE POLITICAL ACTION COMMITTEE,http://docquery.fec.gov/cgi-bin/fecimg/?C00477067,,KIRSTEN E. GILLIBRAND,"$94,000.00","$54,018.20","$136,186.21",2013-07-15
C00426122,EMPOWERING EACH COMMUNITY PAC,http://docquery.fec.gov/cgi-bin/fecimg/?C00426122,,CONGRESSMAN ELIJAH CUMMINGS,$9.30,$5.00,"$7,396.00",2013-09-30
C00390161,EUREKA POLITICAL ACTION COMMITTEE,http://docquery.fec.gov/cgi-bin/fecimg/?C00390161,"CALVERT, KEN",CALVERT,"$29,500.00","$28,660.00","$9,751.33",2013-10-31
C00384701,EVERY REPUBLICAN IS CRUCIAL (ERICPAC),http://docquery.fec.gov/cgi-bin/fecimg/?C00384701,,CANTOR LEADERSHIP FUND,"$2,059,321.30","$2,440,295.10","$501,188.40",2013-10-31
C00509174,EVERYBODY COUNTS EVERYBODY MATTERS PAC,http://docquery.fec.gov/cgi-bin/fecimg/?C00509174,,KEITH ELLISON,,$197.50,$335.25,2013-06-30
C00541078,EXCELSIOR PAC,http://docquery.fec.gov/cgi-bin/fecimg/?C00541078,"REED, THOMAS W II",REED,"$17,000.00",,"$17,000.00",2013-06-30
C00467431,EYE OF THE TIGER POLITICAL ACTION COMMITTEE; THE,http://docquery.fec.gov/cgi-bin/fecimg/?C00467431,,STEVE SCALISE,"$98,213.80","$69,243.10","$38,569.99",2013-06-30
C00540955,FEARLESS PAC,http://docquery.fec.gov/cgi-bin/fecimg/?C00540955,,JARED POLIS,"$134,520.00","$84,052.90","$50,467.07",2013-06-30
C00520841,FIGHTIN' NINTH POLITICAL ACTION COMMITTEE,http://docquery.fec.gov/cgi-bin/fecimg/?C00520841,,H MORGAN GRIFFITH,,,"$4,975.61",2013-06-30
C00528075,FIRST CAPITAL PAC,http://docquery.fec.gov/cgi-bin/fecimg/?C00528075,"PERRY, SCOTT",PERRY,,"$1,822.60","$1,508.47",2013-09-30
C00540146,FIRST IN FREEDOM PAC,http://docquery.fec.gov/cgi-bin/fecimg/?C00540146,"HUDSON, RICHARD",HUDSON,"$5,000.00","$3,346.90","$6,678.07",2013-06-30
C00531822,FIRST PRINCIPLES FUND,http://docquery.fec.gov/cgi-bin/fecimg/?C00531822,"DESANTIS, RON",DESANTIS,"$5,000.00",,"$7,141.53",2013-09-30
C00363648,FIRST STATE PAC,http://docquery.fec.gov/cgi-bin/fecimg/?C00363648,"CARPER, THOMAS",,"$168,179.80","$136,028.10","$48,721.27",2013-07-15
C00479253,FIRST TEAM PAC,http://docquery.fec.gov/cgi-bin/fecimg/?C00479253,,TOM ROONEY,"$17,500.00","$1,876.90","$18,021.27",2013-10-31
C00432930,FISCAL LEADERSHIP AND KNOWING ECONOMICS PAC,http://docquery.fec.gov/cgi-bin/fecimg/?C00432930,"FLAKE, JEFF",FLAKE,"$86,067.00","$57,903.20","$34,507.09",2013-06-30
C00450247,FLORIDA DELIVERS LEADERSHIP PAC,http://docquery.fec.gov/cgi-bin/fecimg/?C00450247,"BROWN, REP. CORRINE",BROWN,"$10,000.00","$25,348.20","$10,968.41",2013-06-30
C00527911,FLORIDA FORUM FOR SOCIAL JUSTICE,http://docquery.fec.gov/cgi-bin/fecimg/?C00527911,,NICHOLAS RUIZ III,,,$96.61,2013-06-30
C00431874,FOLLOW THE NORTH STAR FUND,http://docquery.fec.gov/cgi-bin/fecimg/?C00431874,"KLOBUCHAR, AMY J",,"$153,300.00","$133,678.10","$21,648.66",2013-06-30
C00409672,FOR AMERICAS REPUBLICAN MAJORITY PAC (FARM PAC),http://docquery.fec.gov/cgi-bin/fecimg/?C00409672,,IOWANS FOR LATHAM,"$92,797.80","$82,160.70","$15,208.67",2013-10-31
C00426494,FOR OUR REPUBLIC'S TRADITIONS FUND AKA FORT FUND,http://docquery.fec.gov/cgi-bin/fecimg/?C00426494,,JEFF FORTENBERRY,"$10,000.00","$13,810.90",$37.96,2013-10-31
C00447557,FORGING THE FUTURE FUND,http://docquery.fec.gov/cgi-bin/fecimg/?C00447557,,,,"$4,250.00","$3,002.00",2013-06-30
C00412791,FORWARD TOGETHER PAC,http://docquery.fec.gov/cgi-bin/fecimg/?C00412791,"WARNER, MARK",WARNER,"$112,670.00","$322,695.70","$140,594.24",2013-11-30
C00525212,FOXX PAC,http://docquery.fec.gov/cgi-bin/fecimg/?C00525212,"FOXX, VIRGINIA",FOXX,,$708.50,"$37,970.70",2013-06-30
C00527531,FREE MARKETS PAC INC,http://docquery.fec.gov/cgi-bin/fecimg/?C00527531,,PITTENGER VICTORY FUND,"$49,500.00","$49,015.30",$551.80,2013-06-30
C00455717,FREE STATE PAC,http://docquery.fec.gov/cgi-bin/fecimg/?C00455717,"MORAN, JERRY",MORAN,"$103,061.10","$151,243.40","$116,819.66",2013-06-30
C00437061,FREEDOM AND SECURITY PAC,http://docquery.fec.gov/cgi-bin/fecimg/?C00437061,,JOHN P. KLINE,"$117,500.00","$131,695.40","$12,220.39",2013-10-31
C00390674,FREEDOM FUND,http://docquery.fec.gov/cgi-bin/fecimg/?C00390674,"CRAPO, MICHAEL",CRAPO,"$501,151.20","$219,022.30","$910,425.09",2013-06-30
C00491910,FREEDOM MATTERS PAC,http://docquery.fec.gov/cgi-bin/fecimg/?C00491910,"OLSON, PETER",OLSON,"$20,600.00","$20,928.40","$5,802.93",2013-10-31
C00482703,FREEDOM PAC,http://docquery.fec.gov/cgi-bin/fecimg/?C00482703,,BROUN FREEDOM FUND,"$5,000.00","$4,301.40",$732.12,2013-06-30
C00305805,FREEDOM PROJECT; THE,http://docquery.fec.gov/cgi-bin/fecimg/?C00305805,"BOEHNER, JOHN A.",BOEHNER,"$1,498,799.80","$1,187,434.20","$583,608.84",2013-10-31
C00425447,FREEDOM SECURITY PROSPERITY PAC (FSP PAC),http://docquery.fec.gov/cgi-bin/fecimg/?C00425447,"MACK, CONNIE",MACK,,"$7,358.80",,2013-01-31
C00549931,FRIENDS OF DETROIT CLUB PAC,http://docquery.fec.gov/cgi-bin/fecimg/?C00549931,,,,,,
C00541128,FULL HOUSE PAC,http://docquery.fec.gov/cgi-bin/fecimg/?C00541128,,JOE HECK,"$5,000.00",$12.50,"$4,987.50",2013-06-30
C00326082,FUND FOR A CONSERVATIVE FUTURE,http://docquery.fec.gov/cgi-bin/fecimg/?C00326082,,SENATOR JAMES M. INHOFE,"$114,785.00","$86,814.30","$69,965.29",2013-06-30
C00512855,FUND FOR AMERICAN EXCEPTIONALISM: THE,http://docquery.fec.gov/cgi-bin/fecimg/?C00512855,,REP TODD ROKITA,"$7,500.00","$10,088.90","$4,957.25",2013-06-30
C00388934,FUND FOR AMERICAS FUTURE,http://docquery.fec.gov/cgi-bin/fecimg/?C00388934,,SEN. LINDSEY GRAHAM,"$146,015.00","$135,004.70","$41,207.55",2013-10-31
C00433219,FUND FOR THE MAJORITY,http://docquery.fec.gov/cgi-bin/fecimg/?C00433219,,THE HONORABLE DIANNE FEINSTEIN,"$63,000.00","$65,894.80","$13,564.36",2013-06-30
C00489906,FUNDING DEVELOPING LEADERSHIP POLITICAL ACTION COMMITTEE AKA FDL PAC,http://docquery.fec.gov/cgi-bin/fecimg/?C00489906,,FRANK D LUCAS,"$44,811.50","$29,497.30","$57,068.28",2013-06-30
C00504365,FUNDING REPUBLICANS SUPPORTING OPPORTUNITY AND GROWTH - JUMP POLITICAL ACTION COMMITTEE,http://docquery.fec.gov/cgi-bin/fecimg/?C00504365,,STEPHEN FINCHER,"$22,500.00","$18,254.90","$7,429.89",2013-10-31
C00269407,FUTURE LEADERS POLITICAL ACTION COMMITTEE,http://docquery.fec.gov/cgi-bin/fecimg/?C00269407,"LEWIS, JERRY",LEWIS,,"$1,840.60","$43,308.91",2013-10-31
C00494047,GENE PAC,http://docquery.fec.gov/cgi-bin/fecimg/?C00494047,,RAYMOND EUGENE GREEN,"$2,500.00","$3,825.00","$21,700.55",2013-06-30
C00490235,GEORGIA PAC,http://docquery.fec.gov/cgi-bin/fecimg/?C00490235,"GRAVES, JOHN",GRAVES,"$30,025.00","$25,733.10","$16,642.36",2013-10-31
C00516021,GETTING US INVOLVED NOW TRANSITIONING AMERICA PAC (GUINTA PAC),http://docquery.fec.gov/cgi-bin/fecimg/?C00516021,,FRANK GUINTA,,$406.30,"$1,516.38",2013-10-31
C00531517,GIVING US SECURITY POLITICAL ACTION COMMITTEE (GUS PAC),http://docquery.fec.gov/cgi-bin/fecimg/?C00531517,,GUS MICHAEL BILIRAKIS,,"$3,008.80","$2,491.24",2013-06-30
C00431478,GIVING WILLINGLY EMPOWERING NATIONALLY (GWEN) PAC,http://docquery.fec.gov/cgi-bin/fecimg/?C00431478,,GWEN MOORE,"$36,001.00","$24,863.30","$17,099.54",2013-06-30
C00353953,GLACIER PAC,http://docquery.fec.gov/cgi-bin/fecimg/?C00353953,,SENATOR MAX BAUCUS,"$465,761.00","$468,874.20","$38,609.67",2013-10-31
C00528596,GOH CONSERVATIVE PAC / LOUIEPAC,http://docquery.fec.gov/cgi-bin/fecimg/?C00528596,,,"$69,270.00","$26,979.30","$70,642.79",2013-09-30
C00523639,GOLDEN STATE LEADERSHIP PAC,http://docquery.fec.gov/cgi-bin/fecimg/?C00523639,"STRICKLAND, ANTHONY A",STRICKLAND,$456.30,"$8,262.20",$750.00,2013-09-30
C00543116,GOOD FRIENDS PAC,http://docquery.fec.gov/cgi-bin/fecimg/?C00543116,,SUZANNE BONAMICI,,,,2013-06-30
C00409185,"GOOD FUND, THE",http://docquery.fec.gov/cgi-bin/fecimg/?C00409185,,"GOODLATTE, ROBERT W.","$289,365.00","$189,019.40","$153,297.55",2013-10-31
C00317479,GOOD GOVERNMENT FOR AMERICA COMMITTEE,http://docquery.fec.gov/cgi-bin/fecimg/?C00317479,,GEORGE ALLEN,,,"$9,617.89",2013-09-30
C00448191,GOP GENERATION Y FUND,http://docquery.fec.gov/cgi-bin/fecimg/?C00448191,"SCHOCK, AARON",SCHOCK,"$165,530.20","$171,752.00","$24,183.70",2013-10-31
C00491472,GRANITE OATH PAC,http://docquery.fec.gov/cgi-bin/fecimg/?C00491472,,OVIDE M LAMONTAGNG,,$604.00,"$2,273.00",2013-09-30
C00497677,GRASS ROOTS INITIATIVE TO MAINTAIN OUR MAJORITY POLITICAL ACTION COMMITTEE A/K/A/GRIMM PAC,http://docquery.fec.gov/cgi-bin/fecimg/?C00497677,"GRIMM, MICHAEL",GRIMM,"$23,300.10","$25,032.50","$14,166.13",2013-06-30
C00381996,GRASSROOTS ORGANIZING ACTING & LEADING PAC - GOALPAC,http://docquery.fec.gov/cgi-bin/fecimg/?C00381996,"LEVIN, SANDER",,"$126,500.00","$117,761.00","$15,459.83",2013-06-30
C00432104,GREAT AMERICAN FUND,http://docquery.fec.gov/cgi-bin/fecimg/?C00432104,"BOREN, DAN",,,"$2,596.00","$58,312.23",2013-06-30
C00457747,GREAT LAND PAC,http://docquery.fec.gov/cgi-bin/fecimg/?C00457747,,MARK BEGICH,"$113,800.00","$90,649.70","$58,621.74",2013-06-30
C00452748,GREATER OPPORTUNITIES FOR LEADERSHIP DEVELOPMENT (GOLD PAC),http://docquery.fec.gov/cgi-bin/fecimg/?C00452748,"BISHOP, SANFORD",BISHOP,,$638.00,"$1,922.97",2013-06-30
C00526715,GREATER TOMORROW POLITICAL ACTION COMMITTEE,http://docquery.fec.gov/cgi-bin/fecimg/?C00526715,,GLENN THOMPSON,"$5,000.00","$5,020.00","$4,366.57",2013-06-30
C00409110,GREEN MOUNTAIN PAC,http://docquery.fec.gov/cgi-bin/fecimg/?C00409110,,PATRICK J. LEAHY,"$196,730.60","$209,555.40","$45,162.28",2013-06-30
C00455980,GREGGPAC,http://docquery.fec.gov/cgi-bin/fecimg/?C00455980,"HARPER, GREGG",HARPER,"$30,100.00","$30,855.60","$15,519.19",2013-06-30
C00470286,GROW MO POLITICAL ACTION COMMITTEE,http://docquery.fec.gov/cgi-bin/fecimg/?C00470286,"EMERSON, JO ANN",EMERSON,"$5,000.00","$9,427.90","$11,361.27",2013-06-30
C00388793,GROWTH AND PROSPERITY POLITICAL ACTION COMMITTEE,http://docquery.fec.gov/cgi-bin/fecimg/?C00388793,,SPENCER BACHUS,"$17,000.00","$18,504.50","$11,900.16",2013-06-30
C00481978,GUTS POLITICAL ACTION COMMITTEE,http://docquery.fec.gov/cgi-bin/fecimg/?C00481978,,ALAN GRAYSON,,,,2013-10-31
C00464644,HARRIS COUNTY CONSERVATIVE CONGRESSIONAL CAMPAIGN,http://docquery.fec.gov/cgi-bin/fecimg/?C00464644,,FAULK FOR CONGRESS,,,,
C00415869,HARVEST PAC,http://docquery.fec.gov/cgi-bin/fecimg/?C00415869,,,,"$1,958.40","$3,761.92",2013-06-30
C00323576,HEALTH CARE LEADERSHIP COMMITTEE,http://docquery.fec.gov/cgi-bin/fecimg/?C00323576,,,"$14,250.00","$7,574.00","$25,897.11",2013-09-30
C00528414,HEALTHCARE FREEDOM FUND,http://docquery.fec.gov/cgi-bin/fecimg/?C00528414,,DAVID PHILLIP DR ROE,"$116,802.50","$69,480.90","$55,346.80",2013-06-30
C00342386,HEART PAC,http://docquery.fec.gov/cgi-bin/fecimg/?C00342386,,,,"$1,252.00","$8,659.54",2013-06-30
C00523381,HEARTDOCPAC,http://docquery.fec.gov/cgi-bin/fecimg/?C00523381,,LARRY D BUCSHON,"$4,000.00",,"$5,152.64",2013-06-30
C00409003,HEARTLAND VALUES PAC,http://docquery.fec.gov/cgi-bin/fecimg/?C00409003,,JOHN R THUNE,"$478,202.70","$244,661.70","$551,784.53",2013-06-30
C00548792,HECK PAC,http://docquery.fec.gov/cgi-bin/fecimg/?C00548792,,DENNIS HECK,,,,
C00471607,HELLERHIGHWATER PAC,http://docquery.fec.gov/cgi-bin/fecimg/?C00471607,,DEAN HELLER,"$170,000.00","$49,214.90","$141,174.28",2013-06-30
C00376038,HELP AMERICA'S LEADERS POLITICAL ACTION COMMITTEE (HALPAC),http://docquery.fec.gov/cgi-bin/fecimg/?C00376038,"ROGERS, HAROLD",ROGERS,"$135,081.40","$134,515.50","$231,932.43",2013-06-30
C00496323,HELP UNITE REPUBLICANS TODAY POLITICAL ACTION COMMITTEE,http://docquery.fec.gov/cgi-bin/fecimg/?C00496323,,ROBERT HURT,"$51,430.00","$42,775.10","$37,755.97",2013-06-30
C00442467,HELPING ENSURE RESPONSIBLE GOVERNMENT BY ELECTING REPUBLICANS (H.E.R.G.E.R. PAC),http://docquery.fec.gov/cgi-bin/fecimg/?C00442467,,H.E.R.G.E.R. PAC #2,"$57,232.50","$1,360.80","$57,628.77",2013-06-30
C00213074,HILTON WORLDWIDE POLITICAL ACTION COMMITTEE,http://docquery.fec.gov/cgi-bin/fecimg/?C00213074,,HILTON HOTELS CORPORATION,"$91,305.00","$95,260.00","$6,007.02",2013-06-30
C00392738,HOLDING ONTO OREGON'S PRIORITIES,http://docquery.fec.gov/cgi-bin/fecimg/?C00392738,,WYDEN FOR OREGON,"$95,003.60","$56,697.20","$53,955.96",2013-06-30
C00492082,HOOSIERS FIRST PAC,http://docquery.fec.gov/cgi-bin/fecimg/?C00492082,,JOSEPH DONNELLY,"$65,500.00","$28,149.60","$84,782.00",2013-06-30
C00326439,HOUSE CONSERVATIVES FUND,http://docquery.fec.gov/cgi-bin/fecimg/?C00326439,"FLORES, BILL",FLORES,"$294,787.40","$169,781.10","$209,667.80",2013-10-31
C00542100,HOUSE LIBERTY FUND,http://docquery.fec.gov/cgi-bin/fecimg/?C00542100,,JAMES JORDAN,"$35,000.00",$337.60,"$34,662.37",2013-06-30
C00321596,HOUSE MAJORITY FUND,http://docquery.fec.gov/cgi-bin/fecimg/?C00321596,,JOHN LEWIS,"$11,000.00","$1,000.00","$21,062.11",2013-06-30
C00495911,HPAC,http://docquery.fec.gov/cgi-bin/fecimg/?C00495911,"HUNTSMAN, JON",HUNTSMAN,"$10,101.00","$10,083.80",$76.43,2013-06-30
C00512541,HUDSON VALLEY FUTURE FUND,http://docquery.fec.gov/cgi-bin/fecimg/?C00512541,,CONGRESSWOMAN NAN HAYWORTH,"$3,000.00","$8,055.00","$3,599.11",2013-10-31
C00549014,HUDSON VALLEY PAC,http://docquery.fec.gov/cgi-bin/fecimg/?C00549014,,SEAN PATRICK MALONEY,,,,
C00503151,HUIZENGA MAJORITY FUND,http://docquery.fec.gov/cgi-bin/fecimg/?C00503151,,WILLIAM P HUIZENGA,"$10,000.00","$8,437.60","$12,217.70",2013-06-30
C00464727,HUSKY PAC,http://docquery.fec.gov/cgi-bin/fecimg/?C00464727,,JOE COURTNEY,,"$6,604.80","$2,648.97",2013-06-30
C00455840,I-PAC,http://docquery.fec.gov/cgi-bin/fecimg/?C00455840,"LOEBSACK, DAVID",,"$10,000.00","$14,434.30","$5,191.69",2013-09-30
C00484667,ICE PAC,http://docquery.fec.gov/cgi-bin/fecimg/?C00484667,,FRIENDS OF ERIK PAULSEN,"$26,500.00","$18,908.00","$15,882.90",2013-09-30
C00544270,IDAHO CONSERVATIVE GROWTH FUND,http://docquery.fec.gov/cgi-bin/fecimg/?C00544270,,MICHAEL D CRAPO,"$4,000.00",,"$4,000.00",2013-06-30
C00530816,IMMIGRATION REFORM FUND,http://docquery.fec.gov/cgi-bin/fecimg/?C00530816,"GUTIERREZ, LUIS V.",GUTIERREZ,"$27,575.00","$7,221.60","$80,108.45",2013-06-30
C00348607,IMPACT,http://docquery.fec.gov/cgi-bin/fecimg/?C00348607,,CHARLES E. SCHUMER,"$407,635.90","$420,258.70","$44,229.86",2013-11-05
C00525238,IMPACT COMMITTEE,http://docquery.fec.gov/cgi-bin/fecimg/?C00525238,"TURNER, MICHAEL R REP",TURNER,"$9,000.00",$404.10,"$11,295.87",2013-06-30
C00380675,INDIVIDUALS DEDICATED TO ETHICS AND SCIENCE PAC,http://docquery.fec.gov/cgi-bin/fecimg/?C00380675,"DEGETTE, DIANA",,$2.60,"$1,046.40","$6,048.51",2013-06-30
C00547356,INLAND EMPIRE STRIKES PAC; THE,http://docquery.fec.gov/cgi-bin/fecimg/?C00547356,,MARK TAKANO,,,,
C00485383,INNOVATION FUND,http://docquery.fec.gov/cgi-bin/fecimg/?C00485383,,SCOTT MURPHY,,$150.70,,2013-03-31
C00371088,INTERACTIVE CORP POLITICAL ACTION COMMITTEE AKA IACPAC,http://docquery.fec.gov/cgi-bin/fecimg/?C00371088,,,,"$11,000.00","$87,368.33",2013-09-30
C00450320,INVEST IN A STRONG AND SECURE AMERICA - ISSA PAC,http://docquery.fec.gov/cgi-bin/fecimg/?C00450320,,DARRELL ISSA,"$200,003.60","$87,478.20","$198,912.15",2013-06-30
C00402982,IRL PAC,http://docquery.fec.gov/cgi-bin/fecimg/?C00402982,"ROS-LEHTINEN, ILEANA",ROS-LEHTINEN,"$5,000.00","$2,705.60","$44,727.38",2013-10-31
C00405290,JAZZ PAC,http://docquery.fec.gov/cgi-bin/fecimg/?C00405290,,MARY L. LANDRIEU,"$222,915.90","$173,904.60","$131,144.60",2013-07-15
C00489112,JEFF PAC,http://docquery.fec.gov/cgi-bin/fecimg/?C00489112,,JEFF DENHAM,"$74,178.90","$95,598.60","$49,514.85",2013-11-30
C00363317,JERRY'S POLITICAL ACTION COMMITTEE (JERRY'S PAC),http://docquery.fec.gov/cgi-bin/fecimg/?C00363317,,NADLER FOR CONGRESS - REP. JERROLD NADLER,"$6,610.00","$22,382.10","$5,058.81",2013-11-30
C00522425,JET PAC,http://docquery.fec.gov/cgi-bin/fecimg/?C00522425,,ADAM KINZINGER,"$89,750.00","$99,096.70","$11,416.15",2013-10-31
C00449413,JJJ PAC,http://docquery.fec.gov/cgi-bin/fecimg/?C00449413,,REP. BETTY S. SUTTON,,"$1,939.00",,2013-02-01
C00494112,JOBS AND INNOVATION MATTER PAC (JIM PAC),http://docquery.fec.gov/cgi-bin/fecimg/?C00494112,"HIMES, JIM",HIMES,"$77,000.00","$54,405.40","$31,528.66",2013-06-30
C00536540,JOBS GROWTH AND FREEDOM FUND,http://docquery.fec.gov/cgi-bin/fecimg/?C00536540,"CRUZ, RAFAEL EDWARD TED",CRUZ,"$313,322.50","$129,785.90","$183,536.59",2013-06-30
C00420695,"JOBS, ECONOMY AND BUDGET FUND (JEB FUND)",http://docquery.fec.gov/cgi-bin/fecimg/?C00420695,,REPUBLICAN LEADERSHIP COMMITTEE 2011,"$397,325.40","$458,995.70","$53,105.18",2013-10-31
C00516724,"JOBS, ENERGY AND OUR FOUNDING FATHERS PAC-JEFF PAC",http://docquery.fec.gov/cgi-bin/fecimg/?C00516724,,JEFF DUNCAN,"$5,000.00","$3,150.00","$7,317.97",2013-06-30
C00362384,"JOBS, OPPORTUNITIES AND EDUCATION PAC (JOE-PAC)",http://docquery.fec.gov/cgi-bin/fecimg/?C00362384,"CROWLEY, JOSEPH",CROWLEY,"$219,083.20","$168,145.20","$75,614.40",2013-06-30
C00390831,JOHN S FUND,http://docquery.fec.gov/cgi-bin/fecimg/?C00390831,,LEADERSHIP VICTORY FUND,"$44,750.00","$57,656.20","$9,538.54",2013-06-30
C00455832,JUST PERMANENT INTERESTS POLITICAL ACTION COMMITTEE,http://docquery.fec.gov/cgi-bin/fecimg/?C00455832,,CLAY JR. FOR CONGRESS,"$1,000.00","$2,065.00","$5,152.02",2013-06-30
C00525717,JUSTINPAC,http://docquery.fec.gov/cgi-bin/fecimg/?C00525717,,JUSTIN AMASH,$173.60,"$3,273.60","$6,331.75",2013-10-31
C00524603,KEEPING AMERICA RESILIENT PAC AKA KAR PAC,http://docquery.fec.gov/cgi-bin/fecimg/?C00524603,,GEORGE J KELLY JR,"$10,180.00","$2,463.70","$11,320.61",2013-09-30
C00493809,KEEPING REPUBLICAN IDEAS STRONG TIMELY AND INVENTIVE (KRISTI PAC),http://docquery.fec.gov/cgi-bin/fecimg/?C00493809,,KRISTI LYNN NOEM,"$12,000.50","$11,432.90",$639.85,2013-06-30
C00493411,KELLY PAC,http://docquery.fec.gov/cgi-bin/fecimg/?C00493411,"AYOTTE, KELLY",AYOTTE,"$89,770.00","$61,618.40","$61,438.27",2013-07-15
C00417717,KENTUCKY FORWARD PAC,http://docquery.fec.gov/cgi-bin/fecimg/?C00417717,,BEN CHANDLER,,"$2,908.00","$20,658.00",2013-09-30
C00439992,KEYSTONE AMERICA PAC,http://docquery.fec.gov/cgi-bin/fecimg/?C00439992,,KEYSTONE VICTORY FUND,"$59,500.00","$60,852.30","$6,635.26",2013-10-31
C00436295,KEYSTONE PAC,http://docquery.fec.gov/cgi-bin/fecimg/?C00436295,,JIM GERLACH,"$10,002.90","$9,170.00","$8,835.47",2013-06-30
C00365551,KPAC,http://docquery.fec.gov/cgi-bin/fecimg/?C00365551,"HUTCHISON, KAY BAILEY",HUTCHISON,"$5,000.00","$13,793.40","$36,072.85",2013-09-30
C00095059,L.A. P.A.C.,http://docquery.fec.gov/cgi-bin/fecimg/?C00095059,"WAXMAN, HENRY",,$190.00,"$14,437.80","$65,526.68",2013-10-31
C00492058,LANK PAC,http://docquery.fec.gov/cgi-bin/fecimg/?C00492058,,,"$7,503.00","$18,861.70","$35,024.57",2013-06-30
C00492033,LATINO PAC,http://docquery.fec.gov/cgi-bin/fecimg/?C00492033,,CALPAC - CALIFORNIA AGGRESSIVE LEADERSHIP,,$76.40,"$1,554.45",2013-06-30
C00494302,LEAD ENCOURAGE ELECT PAC - LEE PAC,http://docquery.fec.gov/cgi-bin/fecimg/?C00494302,"LEE, MIKE",LEE,"$4,500.00","$3,100.00","$3,071.23",2013-06-30
C00491043,LEAD YOUR  NATION NOW PAC  (LYNN PAC),http://docquery.fec.gov/cgi-bin/fecimg/?C00491043,"JENKINS, LYNN",JENKINS,"$93,500.00","$63,129.30","$48,326.43",2013-06-30
C00410241,LEADERSHIP EMPOWERMENT AND DEVELOPMENT POLITICAL ACTION COMMITTEE (LEAD PAC),http://docquery.fec.gov/cgi-bin/fecimg/?C00410241,,"GONZALEZ, CHARLES A",,"$4,634.40",,2013-08-14
C00485540,LEADERSHIP FOR AMERICA TODAY TOMORROW AND ALWAYS PAC,http://docquery.fec.gov/cgi-bin/fecimg/?C00485540,"LATTA, ROBERT",LATTA,"$12,000.00","$29,022.50","$6,813.57",2013-09-30
C00342378,LEADERSHIP FOR AMERICA'S FUTURE PAC (LEAD PAC),http://docquery.fec.gov/cgi-bin/fecimg/?C00342378,"SHADEGG, JOHN B.",,,$278.20,$664.17,2013-06-30
C00456913,LEADERSHIP FOR AMERICAN OPPORTUNITY,http://docquery.fec.gov/cgi-bin/fecimg/?C00456913,"FATTAH, CHAKA",FATTAH,"$21,250.00","$6,511.00","$20,062.41",2013-06-30
C00366179,LEADERSHIP IN THE NEW CENTURY (LINCPAC),http://docquery.fec.gov/cgi-bin/fecimg/?C00366179,,,$9.00,"$12,274.70","$1,054.34",2013-06-30
C00299149,LEADERSHIP OF TODAY AND TOMORROW,http://docquery.fec.gov/cgi-bin/fecimg/?C00299149,,XAVIER BECERRA,"$62,040.40","$48,746.70","$77,138.91",2013-06-30
C00545137,LEADERSHIP OPPORTUNITY INNOVATION SERVICE PAC - LOIS PAC,http://docquery.fec.gov/cgi-bin/fecimg/?C00545137,,LOIS FRANKEL,,,,2013-06-30
C00530774,LEADERSHIP RESPONSIBILITY AND ACTION PAC AKA LRA PAC,http://docquery.fec.gov/cgi-bin/fecimg/?C00530774,,LUCILLE ROYBAL-ALLARD,"$10,000.00","$4,298.90","$19,689.11",2013-06-30
C00456905,LEADERSHIP THAT LISTENS PAC,http://docquery.fec.gov/cgi-bin/fecimg/?C00456905,,,"$25,000.00","$27,548.60","$1,077.41",2013-06-30
C00345124,LEADING ORANGE COUNTY PAC,http://docquery.fec.gov/cgi-bin/fecimg/?C00345124,"SANCHEZ, LORETTA",SANCHEZ,"$2,500.00","$4,448.50","$4,829.22",2013-06-30
C00408054,LEADING US IN SUCCESS POLITICAL ACTION COMMITTEE (LUIS PAC),http://docquery.fec.gov/cgi-bin/fecimg/?C00408054,"FORTUNO, LUIS",FORTUNO,"$5,789.10","$8,058.80","$7,497.44",2013-10-31
C00385534,LEGPAC,http://docquery.fec.gov/cgi-bin/fecimg/?C00385534,"CARDIN, BENJAMIN L",CARDIN,"$28,000.00","$46,323.60","$60,179.67",2013-07-15
C00492538,LIBERTY & PROSPERITY PAC,http://docquery.fec.gov/cgi-bin/fecimg/?C00492538,,RODNEY P. FRELINGHUYSEN,"$22,075.00","$33,198.10","$8,053.48",2013-06-30
C00521310,LIBERTY FUND; THE,http://docquery.fec.gov/cgi-bin/fecimg/?C00521310,,,"$39,000.00","$2,638.40","$40,327.90",2013-09-30
C00234641,LIBERTY PAC,http://docquery.fec.gov/cgi-bin/fecimg/?C00234641,"PAUL, RON",,"$20,918.60","$94,856.30","$34,584.73",2013-09-30
C00446625,LIBERTY PROJECT,http://docquery.fec.gov/cgi-bin/fecimg/?C00446625,,HONORABLE RANDY NEUGEBAUER,"$116,015.70","$63,713.70","$82,201.09",2013-10-31
C00491241,LINCOLN PAC,http://docquery.fec.gov/cgi-bin/fecimg/?C00491241,"KIRK, MARK",KIRK,"$180,477.40","$161,096.80","$33,741.38",2013-10-31
C00426965,LIVABLE COMMUNITIES PAC,http://docquery.fec.gov/cgi-bin/fecimg/?C00426965,"GRIJALVA, REP. RAUL M",GRIJALVA,"$5,466.80","$2,557.10","$3,840.59",2013-06-30
C00497073,LOBO PAC,http://docquery.fec.gov/cgi-bin/fecimg/?C00497073,,CONGRESSMAN MARTIN HEINRICH,"$78,620.70","$110,499.40","$10,274.27",2013-06-30
C00415208,LONE STAR LEADERSHIP PAC,http://docquery.fec.gov/cgi-bin/fecimg/?C00415208,"BURGESS, MICHAEL",BURGESS,"$131,526.70","$76,260.90","$66,732.21",2013-10-31
C00459305,LONG LEAF PINE PAC,http://docquery.fec.gov/cgi-bin/fecimg/?C00459305,"HAGAN, KAY",,"$69,075.00","$105,502.60","$18,303.54",2013-06-30
C00402602,LONGHORN PAC,http://docquery.fec.gov/cgi-bin/fecimg/?C00402602,,LAMAR SMITH,"$138,700.00","$120,929.40","$30,516.35",2013-10-31
C00486613,LOUISE'S PAC,http://docquery.fec.gov/cgi-bin/fecimg/?C00486613,"SLAUGTHER, LOUISE",SLAUGTHER,,,"$6,500.00",2013-06-30
C00409631,LOUISIANA REFORM PAC,http://docquery.fec.gov/cgi-bin/fecimg/?C00409631,,DAVID VITTER,"$66,550.00","$54,019.50","$15,244.26",2013-06-30
C00466904,LOUISIANA VALUES PAC,http://docquery.fec.gov/cgi-bin/fecimg/?C00466904,"FLEMING, JOHN",JOHN C FLEMING JR,"$39,100.00","$27,890.30","$49,582.48",2013-09-30
C00365270,M-PAC,http://docquery.fec.gov/cgi-bin/fecimg/?C00365270,,PATTY MURRAY,"$157,550.00","$193,581.40","$16,875.95",2013-11-05
C00461251,MAC PAC,http://docquery.fec.gov/cgi-bin/fecimg/?C00461251,"MCGOVERN, JAMES",MCGOVERN,,$212.50,$633.24,2013-06-30
C00426809,MADISON PAC; THE,http://docquery.fec.gov/cgi-bin/fecimg/?C00426809,"NEAL, RICHARD E MR.",NEAL,"$106,300.00","$54,453.60","$478,712.64",2013-09-30
C00343574,MAINSTREAM PAC,http://docquery.fec.gov/cgi-bin/fecimg/?C00343574,"LOFGREN, ZOE",,,"$3,589.70","$11,580.17",2013-06-30
C00428052,MAJORITY COMMITTEE PAC--MC PAC,http://docquery.fec.gov/cgi-bin/fecimg/?C00428052,,MCCARTHY VICTORY FUND 2014,"$920,292.20","$768,622.00","$208,579.51",2013-10-31
C00402909,MAJORITY IN CONGRESS PAC,http://docquery.fec.gov/cgi-bin/fecimg/?C00402909,"MICA, JOHN",,"$11,160.00","$17,661.00","$4,303.42",2013-10-31
C00370791,MAJORITY INITIATIVE TO KEEP ELECTING REPUBLICANS FUND A.K.A MIKE R FUND,http://docquery.fec.gov/cgi-bin/fecimg/?C00370791,,LEADERSHIP VICTORY FUND,"$97,521.10","$87,931.30","$21,768.29",2013-06-30
C00495705,MAKE IT IN AMERICA PAC,http://docquery.fec.gov/cgi-bin/fecimg/?C00495705,"GARAMENDI, CONGRESSMAN JOHN",GARAMENDI,"$5,000.00","$1,533.20","$8,171.15",2013-06-30
C00552539,MAKE IT WORK,http://docquery.fec.gov/cgi-bin/fecimg/?C00552539,,ANGUS KING,,,,
C00524611,MAKE OPPORTUNITY POLITICAL ACTION COMMITTEE,http://docquery.fec.gov/cgi-bin/fecimg/?C00524611,,MO BROOKS,"$5,100.00","$14,075.00","$17,023.20",2013-09-30
C00494500,MAKE SCHIFF HAPPEN,http://docquery.fec.gov/cgi-bin/fecimg/?C00494500,,PETER SCHIFF,$50.00,$87.20,"$2,121.10",2013-08-30
C00409276,MAKING A RESPONSIBLE STAND FOR HOUSEHOLDS IN AMERICA  (MARSHA PAC),http://docquery.fec.gov/cgi-bin/fecimg/?C00409276,,MARSHA BLACKBURN,"$42,950.20","$33,409.40","$22,014.02",2013-10-31
C00445379,MAKING AMERICA PROSPEROUS PAC,http://docquery.fec.gov/cgi-bin/fecimg/?C00445379,,KEVIN BRADY,"$20,000.00","$62,415.80","$11,533.78",2013-06-30
C00547448,MAKING AMERICANS COUNT PAC (MAC PAC),http://docquery.fec.gov/cgi-bin/fecimg/?C00547448,,MATT CARTWRIGHT,,,,
C00392134,MAKING BUSINESS EXCEL POLITICAL ACTION COMMITTEE,http://docquery.fec.gov/cgi-bin/fecimg/?C00392134,,ENZI FOR US SENATE,"$38,000.00","$39,291.90","$32,774.52",2013-06-30
C00486738,MANY INDIVIDUAL CONSERVATIVES HELPING ELECT LEADERS EVERYWHERE (MICHELEPAC),http://docquery.fec.gov/cgi-bin/fecimg/?C00486738,"BACHMANN, MICHELE",BACHMANN,"$291,904.50","$253,484.80","$90,329.76",2013-06-30
C00542621,MAPLE PAC,http://docquery.fec.gov/cgi-bin/fecimg/?C00542621,,PETER WELCH,"$5,000.00",$424.20,"$4,575.77",2013-06-30
C00502591,MARKETPLACE IDEAS AND CONSERVATIVE KNOWLEDGE PAC-MICK PAC,http://docquery.fec.gov/cgi-bin/fecimg/?C00502591,,JOHN MICHAEL 'MICK' MULVANEY,,,"$1,213.38",2013-06-30
C00492868,MARLIN PAC,http://docquery.fec.gov/cgi-bin/fecimg/?C00492868,,MARLIN A STUTZMAN,$200.00,"$5,046.00",$13.15,2013-06-30
C00527309,MARTHA PAC,http://docquery.fec.gov/cgi-bin/fecimg/?C00527309,,REPRESENTATIVE MARTHA ROBY,"$5,000.00","$7,000.00","$2,930.91",2013-09-30
C00365338,MARY'S POLITICAL ACTION COMMITTEE,http://docquery.fec.gov/cgi-bin/fecimg/?C00365338,"BONO MACK, MARY",BONO MACK,$80.00,"$30,542.20","$10,430.36",2013-10-31
C00417295,MASS PAC,http://docquery.fec.gov/cgi-bin/fecimg/?C00417295,"CAPUANO, MICHAEL E",,"$22,500.00","$11,635.90","$20,533.35",2013-09-30
C00495317,MICHIGAN FIRST PAC,http://docquery.fec.gov/cgi-bin/fecimg/?C00495317,"BENISHEK, DR. DANIEL J.",BENISHEK,,$894.30,"$6,377.79",2013-06-30
C00502096,MICHIGAN'S FUTURE PAC,http://docquery.fec.gov/cgi-bin/fecimg/?C00502096,"DAN KILDEE, DANEIL",DAN KILDEE,"$10,500.00","$9,722.70","$1,437.33",2013-06-30
C00486860,MIDDLE CLASS AMERICA PAC,http://docquery.fec.gov/cgi-bin/fecimg/?C00486860,,DAN LIPINSKI FOR CONGRESS,"$5,000.00","$8,136.00","$7,222.00",2013-09-30
C00345199,MIDNIGHT SUN POLITICAL ACTION COMMITTEE,http://docquery.fec.gov/cgi-bin/fecimg/?C00345199,"YOUNG, DONALD",YOUNG,"$13,057.60","$12,152.80","$60,484.52",2013-06-30
C00416131,MIDWEST VALUES PAC,http://docquery.fec.gov/cgi-bin/fecimg/?C00416131,"FRANKEN, AL",FRANKEN,"$284,467.60","$429,132.10","$21,964.65",2013-11-05
C00410936,MILL TO THE HILL PAC,http://docquery.fec.gov/cgi-bin/fecimg/?C00410936,"MICHAUD, MICHAEL",MICHAUD,"$29,750.00","$23,489.60","$6,459.03",2013-06-30
C00412320,MINT POLITICAL ACTION COMMITTEE (MINT PAC),http://docquery.fec.gov/cgi-bin/fecimg/?C00412320,"DEMINT, JAMES W",DEMINT,,"$8,281.80","$15,357.24",2013-06-30
C00465112,MISSION PAC,http://docquery.fec.gov/cgi-bin/fecimg/?C00465112,,LOIS G CAPPS,,"$4,148.00","$5,667.69",2013-07-15
C00170944,"MISSOURI FARM BUREAU FARM PAC, ST LOUIS AREA",http://docquery.fec.gov/cgi-bin/fecimg/?C00170944,,MISSOURI FARM BUREAU,$668.80,,"$2,120.47",2013-09-30
C00431122,MISSOURIANS FOR ACCOUNTABILITY AND CHANGE (MACPAC),http://docquery.fec.gov/cgi-bin/fecimg/?C00431122,"MCCASKILL, CLAIRE",MCCASKILL,"$57,800.00","$47,655.10","$29,708.20",2013-06-30
C00402255,MODERATE VICTORY FUND,http://docquery.fec.gov/cgi-bin/fecimg/?C00402255,,DENNIS CARDOZA,,"$6,705.70",,2013-06-14
C00507640,MONADNOCK POLITICAL ACTION COMMITTEE,http://docquery.fec.gov/cgi-bin/fecimg/?C00507640,,,,"$2,750.00","$10,932.46",2013-09-30
C00540187,MORE CONSERVATIVES PAC (MCPAC),http://docquery.fec.gov/cgi-bin/fecimg/?C00540187,"MCHENRY, PATRICK TIMOTHY",MCHENRY,"$105,611.70","$74,843.60","$30,768.06",2013-10-31
C00507574,MOTOR CITY PAC,http://docquery.fec.gov/cgi-bin/fecimg/?C00507574,"PETERS, GARY",PETERS,"$42,500.00","$41,699.80","$18,100.62",2013-07-31
C00459651,MOUNTAINEER PAC,http://docquery.fec.gov/cgi-bin/fecimg/?C00459651,,"JOHN D. ROCKEFELLER, IV","$103,750.00","$117,103.50",,2013-08-28
C00375451,MOVING AMERICA FORWARD,http://docquery.fec.gov/cgi-bin/fecimg/?C00375451,,SUNSHINE STATE PAC,"$90,000.00","$96,583.30","$20,914.84",2013-06-30
C00459925,MURPHPAC,http://docquery.fec.gov/cgi-bin/fecimg/?C00459925,"MURPHY, CHRISTOPHER",MURPHY,"$77,148.20","$43,381.20","$44,296.52",2013-06-30
C00403592,NARRAGANSETT BAY PAC,http://docquery.fec.gov/cgi-bin/fecimg/?C00403592,,JOHN F. REED,"$96,500.00","$104,885.30","$8,268.46",2013-09-30
C00302588,NATIONAL LEADERSHIP PAC,http://docquery.fec.gov/cgi-bin/fecimg/?C00302588,"RANGEL, CHARLES",SENATE HOUSE LEADERSHIP FUND,"$21,300.00","$29,070.50","$17,972.91",2013-09-30
C00450700,NATIONAL ORGANIZATION TO REGAIN THE MAJORITY,http://docquery.fec.gov/cgi-bin/fecimg/?C00450700,,,"$5,000.00",,"$20,226.71",2013-06-30
C00366419,NEBRASKA LEADERSHIP PAC,http://docquery.fec.gov/cgi-bin/fecimg/?C00366419,,E. BENJAMIN NELSON,$4.70,"$2,236.70","$47,664.36",2013-09-30
C00540054,NEBRASKA SANDHILLS PAC,http://docquery.fec.gov/cgi-bin/fecimg/?C00540054,,DEBRA S FISCHER,"$53,000.00","$25,425.60","$27,574.45",2013-06-30
C00489831,NEW ECONOMY PAC,http://docquery.fec.gov/cgi-bin/fecimg/?C00489831,"HIGGINS, BRIAN",HIGGINS,,"$1,034.30","$2,796.96",2013-06-30
C00391458,NEW JERSEY FIRST,http://docquery.fec.gov/cgi-bin/fecimg/?C00391458,"LAUTENBERG, FRANK",LAUTENBERG 20 YEARS COMMITTEE,,"$1,025.00","$24,071.15",2013-09-30
C00470930,NEW LEADERSHIP PAC,http://docquery.fec.gov/cgi-bin/fecimg/?C00470930,"NEWELL, FELTON",FELTON NEWELL,,,$929.95,2013-09-30
C00349233,NEW MILLENNIUM PAC,http://docquery.fec.gov/cgi-bin/fecimg/?C00349233,,ROBERT MENENDEZ,"$132,500.00","$121,000.00","$166,594.59",2013-11-05
C00398750,NEW PAC,http://docquery.fec.gov/cgi-bin/fecimg/?C00398750,,NUNES VICTORY FUND,"$204,500.00","$139,053.60","$149,523.32",2013-06-30
C00459123,NEW PIONEERS PAC,http://docquery.fec.gov/cgi-bin/fecimg/?C00459123,"WALDEN, GREGORY P",WALDEN,"$293,784.60","$259,861.90","$79,254.97",2013-10-31
C00452763,NEW SOUTH LEADERSHIP PAC,http://docquery.fec.gov/cgi-bin/fecimg/?C00452763,"BUTTERFIELD, GK",,"$6,500.00","$12,177.40","$8,078.21",2013-09-30
C00375691,NEW VISION AMERICA FUND,http://docquery.fec.gov/cgi-bin/fecimg/?C00375691,,HONDA NEW VISION JOINT COMMITTEE,"$5,500.00","$7,797.50","$12,996.58",2013-06-30
C00545236,NEW VOICE PAC,http://docquery.fec.gov/cgi-bin/fecimg/?C00545236,,UNITED STATES REPRESENTATIVE JOYCE BEATTY,,,,2013-06-30
C00413716,NEW YORK JOBS PAC,http://docquery.fec.gov/cgi-bin/fecimg/?C00413716,,STEVE ISRAEL,"$131,503.20","$101,496.50","$58,924.19",2013-10-31
C00343947,NEXT CENTURY FUND,http://docquery.fec.gov/cgi-bin/fecimg/?C00343947,,RMF-NCF 2013 COMMITTEE,"$255,851.20","$171,453.00","$386,793.35",2013-06-30
C00552851,NORTH CAROLINA LEADERSHIP FUND,http://docquery.fec.gov/cgi-bin/fecimg/?C00552851,,MARK R MEADOWS,,,,
C00492983,NUTMEG PAC,http://docquery.fec.gov/cgi-bin/fecimg/?C00492983,"RICHARD BLUMENTHAL, RICHARD",RICHARD BLUMENTHAL,"$81,000.00","$63,273.90","$37,364.28",2013-06-30
C00397067,OCEAN STATE POLITICAL ACTION COMMITTEE (OSPAC),http://docquery.fec.gov/cgi-bin/fecimg/?C00397067,"LANGEVIN, JAMES R",LANGEVIN,"$5,000.00","$15,500.00","$2,341.04",2013-09-30
C00431601,OCEANS PAC,http://docquery.fec.gov/cgi-bin/fecimg/?C00431601,"WHITEHOUSE, SHELDON",WHITEHOUSE,"$203,515.10","$131,533.00","$86,372.08",2013-07-15
C00424358,OCPAC,http://docquery.fec.gov/cgi-bin/fecimg/?C00424358,,JOHN CAMPBELL,"$7,500.00","$11,853.60","$6,080.74",2013-06-30
C00525600,OFF THE SIDELINES PAC,http://docquery.fec.gov/cgi-bin/fecimg/?C00525600,"GILLIBRAND, KIRSTEN",GILLIBRAND,"$893,253.10","$560,236.90","$443,830.72",2013-06-30
C00356378,OHIO USA PAC,http://docquery.fec.gov/cgi-bin/fecimg/?C00356378,,BUCKEYE PAC,"$6,668.40","$78,730.70","$261,923.64",2013-09-30
C00403071,ONE VOICE,http://docquery.fec.gov/cgi-bin/fecimg/?C00403071,"LEE, BARBARA",LEE,"$2,500.00","$3,339.90",$802.16,2013-06-30
C00551853,OORAH! POLITICAL ACTION COMMITTEE,http://docquery.fec.gov/cgi-bin/fecimg/?C00551853,,TODD CHRISTOPHER YOUNG,,,,
C00460972,OPPORTUNITY AND RENEWAL PAC,http://docquery.fec.gov/cgi-bin/fecimg/?C00460972,"MERKLEY, JEFFREY",JEFF MERKLEY FOR OREGON,"$63,843.60","$56,508.90","$16,410.76",2013-06-30
C00235572,ORRINPAC,http://docquery.fec.gov/cgi-bin/fecimg/?C00235572,,ORRIN HATCH,"$540,318.20","$505,740.10","$283,531.83",2013-10-31
C00528885,PA JOBS PAC,http://docquery.fec.gov/cgi-bin/fecimg/?C00528885,,,,$609.00,,2013-11-12
C00542175,PAC DESIGNED TO CONFUSE THE PUBLIC,http://docquery.fec.gov/cgi-bin/fecimg/?C00542175,,QUEWL LLC,$50.00,,$50.00,2013-10-15
C00342048,PAC FOR A CHANGE,http://docquery.fec.gov/cgi-bin/fecimg/?C00342048,"BOXER, BARBARA",FUND FOR A BETTER FUTURE,"$349,054.60","$259,640.10","$293,468.01",2013-06-30
C00540195,PAC FOR A LEVEL PLAYING FIELD,http://docquery.fec.gov/cgi-bin/fecimg/?C00540195,,ELIZABETH WARREN,"$427,999.80","$256,640.90","$171,358.96",2013-11-05
C00344234,PAC TO THE FUTURE,http://docquery.fec.gov/cgi-bin/fecimg/?C00344234,,NANCY PELOSI,"$536,298.20","$301,567.70","$430,914.41",2013-10-31
C00414631,PALMETTO PAC,http://docquery.fec.gov/cgi-bin/fecimg/?C00414631,"SPRATT, JOHN",,,$524.00,$20.12,2013-03-31
C00287003,PARSONS BRINCKERHOFF GROUP INC. PAC,http://docquery.fec.gov/cgi-bin/fecimg/?C00287003,,PARSONS BRINCKERHOFF INC.,"$131,819.00","$127,400.00","$225,898.96",2013-11-30
C00494153,PARTNERSHIP FOR AMERICA,http://docquery.fec.gov/cgi-bin/fecimg/?C00494153,"LOBIONDO, FRANK",LOBIONDO,"$1,500.00","$6,000.00","$22,817.58",2013-06-30
C00522318,PATRIOT POLITICAL ACTION COMMITTEE,http://docquery.fec.gov/cgi-bin/fecimg/?C00522318,,STEVEN PALAZZO,"$5,000.00",$515.70,"$4,484.32",2013-06-30
C00531590,PATRIOTS IN ACTION,http://docquery.fec.gov/cgi-bin/fecimg/?C00531590,"WILLIAMS, ROGER",WILLIAMS,"$16,922.80","$17,928.50","$2,415.09",2013-06-30
C00526046,PATRIOTS LEADING A MAJORITY,http://docquery.fec.gov/cgi-bin/fecimg/?C00526046,,PATRICK L MEEHAN,,,,
C00525824,PEACE THROUGH STRENGTH PAC,http://docquery.fec.gov/cgi-bin/fecimg/?C00525824,,DUNCAN D HUNTER,"$28,000.00","$17,771.90","$29,728.12",2013-06-30
C00420919,PEAK PAC,http://docquery.fec.gov/cgi-bin/fecimg/?C00420919,,UDALL FOR COLORADO,"$213,635.00","$153,932.30","$83,320.15",2013-11-05
C00541375,PEM PAC,http://docquery.fec.gov/cgi-bin/fecimg/?C00541375,,PATRICK E MURPHY,"$10,100.00","$6,412.50","$3,687.50",2013-06-30
C00417584,PENGUIN PAC,http://docquery.fec.gov/cgi-bin/fecimg/?C00417584,,TIM RYAN,,"$1,750.00","$4,905.99",2013-06-30
C00363770,PEOPLE FOR ENTERPRISE TRADE AND ECONOMIC GROWTH (PETE PAC),http://docquery.fec.gov/cgi-bin/fecimg/?C00363770,,AMERICAN VICTORY COMMITTEE,"$260,682.50","$157,346.50","$147,929.91",2013-10-31
C00447581,PEOPLE HELPING ILLINOIS LEAD,http://docquery.fec.gov/cgi-bin/fecimg/?C00447581,,PHIL HARE,,"$1,607.30","$2,034.81",2013-06-30
C00248948,PEOPLE HELPING PEOPLE,http://docquery.fec.gov/cgi-bin/fecimg/?C00248948,"WATERS, MAXINE",,"$5,000.00",$581.50,"$10,712.67",2013-06-30
C00468512,PEOPLE'S PAC,http://docquery.fec.gov/cgi-bin/fecimg/?C00468512,"WOOLSEY, LYNN",WOOLSEY,,"$2,382.50",,2013-03-31
C00410092,PEOPLE'S VOICE PAC,http://docquery.fec.gov/cgi-bin/fecimg/?C00410092,,TAMMY BALDWIN,"$36,000.00","$38,360.90","$6,717.82",2013-06-30
C00544254,PERIMETER PAC,http://docquery.fec.gov/cgi-bin/fecimg/?C00544254,,TAMMY DUCKWORTH,"$18,565.00","$13,207.20","$5,357.83",2013-06-30
C00539601,PINEAPPLE PAC,http://docquery.fec.gov/cgi-bin/fecimg/?C00539601,"HIRONO, MAZIE",HIRONO,"$60,500.00","$38,480.50","$26,819.25",2013-06-30
C00452771,PIONEER PAC,http://docquery.fec.gov/cgi-bin/fecimg/?C00452771,,,"$16,500.00","$10,500.00","$9,767.85",2013-09-30
C00325357,PIONEER POLITICAL ACTION COMMITTEE,http://docquery.fec.gov/cgi-bin/fecimg/?C00325357,"TIBERI, PATRICK",TIBERI,"$206,053.10","$160,756.00","$130,148.82",2013-06-30
C00402172,PITTSPAC,http://docquery.fec.gov/cgi-bin/fecimg/?C00402172,"PITTS, JOSEPH",PITTS,"$19,000.00","$33,649.60","$16,565.78",2013-06-30
C00453993,PONO PAC; THE,http://docquery.fec.gov/cgi-bin/fecimg/?C00453993,,DANIEL K AKAKA,,,"$4,875.30",2013-09-30
C00483826,PR DEMOCRACY,http://docquery.fec.gov/cgi-bin/fecimg/?C00483826,,,,,,2013-06-30
C00347195,PRAIRIE POLITICAL ACTION COMMITTEE,http://docquery.fec.gov/cgi-bin/fecimg/?C00347195,,RICHARD J. DURBIN,"$108,000.00","$189,096.00","$68,184.27",2013-06-30
C00457689,PRAIRIELAND PAC,http://docquery.fec.gov/cgi-bin/fecimg/?C00457689,,MICHAEL O JOHANNS,,"$22,718.40",,2013-03-31
C00383869,PRESERVING AMERICA'S TRADITIONS (PATPAC),http://docquery.fec.gov/cgi-bin/fecimg/?C00383869,"ROBERTS, PAT",,"$104,433.10","$102,095.50","$33,124.92",2013-10-31
C00388694,PRIORITY PAC,http://docquery.fec.gov/cgi-bin/fecimg/?C00388694,"PRYOR, MARK",PRYOR,"$131,648.30","$120,762.40","$34,749.22",2013-06-30
C00351056,PROGRESS PAC,http://docquery.fec.gov/cgi-bin/fecimg/?C00351056,,NYDIA M. VELAZQUEZ,,,"$12,329.46",2013-06-30
C00417493,PROGRESSIVE AMERICANS FOR DEMOCRACY,http://docquery.fec.gov/cgi-bin/fecimg/?C00417493,,DEFAZIO FOR CONGRESS,"$5,018.20","$12,011.70","$4,857.86",2013-06-30
C00381806,PROGRESSIVE CHOICES PAC,http://docquery.fec.gov/cgi-bin/fecimg/?C00381806,"SCHAKOWSKY, JANICE D",,"$89,500.00","$29,941.50","$65,165.10",2013-11-30
C00406553,PROGRESSIVE VOTERS OF AMERICA,http://docquery.fec.gov/cgi-bin/fecimg/?C00406553,"SANDERS, BERNARD",,"$5,000.00","$4,816.20","$4,317.27",2013-06-30
C00508010,PROGRESSIVES ADVANCING UNITED LEADERSHIP AKA PAUL PAC,http://docquery.fec.gov/cgi-bin/fecimg/?C00508010,"TONKO, PAUL",TONKO,"$8,000.00","$5,794.20","$8,228.48",2013-10-31
C00525543,PROJECT WEST POLITICAL ACTION COMMITTEE,http://docquery.fec.gov/cgi-bin/fecimg/?C00525543,,CORY GARDNER,"$13,008.50","$6,426.70","$10,983.52",2013-06-30
C00528992,PROMISE PAC,http://docquery.fec.gov/cgi-bin/fecimg/?C00528992,,MARCIA FUDGE,"$10,000.00",$109.90,"$16,656.88",2013-06-30
C00440032,PROMOTING OUR REPUBLICAN TEAM PAC,http://docquery.fec.gov/cgi-bin/fecimg/?C00440032,,PORTMAN SENATORIAL TRUST,"$235,186.70","$274,203.50","$290,731.59",2013-09-30
C00529149,PROSPER NEW YORK PAC,http://docquery.fec.gov/cgi-bin/fecimg/?C00529149,,HON RICHARD HANNA,,$19.90,"$2,688.54",2013-09-30
C00377689,PROSPERITY ACTION INC.,http://docquery.fec.gov/cgi-bin/fecimg/?C00377689,"RYAN, PAUL",RYAN,"$940,476.90","$1,225,605.00","$630,223.64",2013-11-30
C00471599,PROTECT AMERICA'S FUTURE PAC INC,http://docquery.fec.gov/cgi-bin/fecimg/?C00471599,,GEORGE LEMIEUX,,,$63.19,2013-06-30
C00524256,PUCK PAC,http://docquery.fec.gov/cgi-bin/fecimg/?C00524256,,QUIGLEY FOR CONGRESS,"$15,000.00","$10,536.80","$29,296.20",2013-06-30
C00551168,PUGET PAC,http://docquery.fec.gov/cgi-bin/fecimg/?C00551168,,RICK LARSEN,,,,
C00448787,RANGER POLITICAL ACTION COMMITTEE A.K.A. RANGER PAC,http://docquery.fec.gov/cgi-bin/fecimg/?C00448787,,,,"$2,851.30",,2013-06-10
C00553255,RANGERS LEAD THE WAY PAC,http://docquery.fec.gov/cgi-bin/fecimg/?C00553255,,THOMAS COTTON,,,,
C00493361,RAZOR PAC,http://docquery.fec.gov/cgi-bin/fecimg/?C00493361,"WOMACK, STEVE",WOMACK,,"$8,973.10","$12,763.02",2013-10-31
C00487942,REACHING FOR A BRIGHTER AMERICA PAC,http://docquery.fec.gov/cgi-bin/fecimg/?C00487942,,,,"$7,239.70","$6,203.64",2013-06-30
C00500025,RECLAIM AMERICA PAC,http://docquery.fec.gov/cgi-bin/fecimg/?C00500025,,MARCO RUBIO,"$1,809,798.60","$995,027.90","$976,291.17",2013-06-30
C00389122,RED PAC,http://docquery.fec.gov/cgi-bin/fecimg/?C00389122,"PUTNAM, ADAM",,,"$3,502.10","$12,569.33",2013-11-30
C00493924,REINVENTING A NEW DIRECTION - RANDPAC,http://docquery.fec.gov/cgi-bin/fecimg/?C00493924,"PAUL, RAND",PAUL,"$929,903.60","$751,317.00","$604,084.78",2013-06-30
C00344648,RELY ON YOUR BELIEFS FUND,http://docquery.fec.gov/cgi-bin/fecimg/?C00344648,,ROY BLUNT,"$498,050.40","$433,209.60","$318,814.35",2013-10-31
C00395871,RENEWING OPPORTUNITY TRUST AND HOPE PAC (ROTHPAC),http://docquery.fec.gov/cgi-bin/fecimg/?C00395871,"ROTHMAN, STEVE",,,"$2,340.50",,2013-04-30
C00475608,RENEWING THE AMERICAN DREAM PAC,http://docquery.fec.gov/cgi-bin/fecimg/?C00475608,,TIM WALZ,"$5,000.00","$5,100.00","$1,166.67",2013-06-30
C00296640,REPUBLICAN MAJORITY FUND,http://docquery.fec.gov/cgi-bin/fecimg/?C00296640,,SENATOR SAXBY CHAMBLISS,"$205,669.90","$249,991.00","$83,022.35",2013-11-05
C00451294,REPUBLICAN OPERATION TO SECURE AND KEEP A MAJORITY (ROSKAM PAC),http://docquery.fec.gov/cgi-bin/fecimg/?C00451294,"ROSKAM, PETER",ROSKAM,"$255,100.00","$167,492.80","$129,187.80",2013-06-30
C00368696,RESPONSIBILITY AND FREEDOM WORK PAC (RFWPAC),http://docquery.fec.gov/cgi-bin/fecimg/?C00368696,,,"$42,500.00","$32,500.00","$37,374.44",2013-06-30
C00344333,"RESTORE AMERICA PAC, INC",http://docquery.fec.gov/cgi-bin/fecimg/?C00344333,,,"$1,773.20","$4,075.70","$2,994.51",2013-06-30
C00458307,RESTORE OUR DEMOCRACY PAC,http://docquery.fec.gov/cgi-bin/fecimg/?C00458307,"ALEXANDER, RODNEY",ALEXANDER,"$13,400.00","$16,912.70","$13,994.31",2013-06-30
C00365262,REUNITING OUR COUNTRY PAC,http://docquery.fec.gov/cgi-bin/fecimg/?C00365262,,JOSEPH LIEBERMAN,$1.20,"$24,056.80",,2013-07-22
C00307991,RHODE ISLAND PAC,http://docquery.fec.gov/cgi-bin/fecimg/?C00307991,"CICILLINE, DAVID",CICILLINE,"$10,000.00",$109.90,"$11,640.16",2013-10-31
C00430934,RIPTIDE POLITICAL ACTION COMMITTEE,http://docquery.fec.gov/cgi-bin/fecimg/?C00430934,"BILBRAY, BRIAN",BILBRAY,,,$909.92,2013-06-30
C00486043,ROAD TO FREEDOM POLITICAL ACTION COMMITTEE,http://docquery.fec.gov/cgi-bin/fecimg/?C00486043,,MR ED ROYCE,"$50,000.00","$42,095.70","$19,080.47",2013-06-30
C00385377,ROAD TO VICTORY POLITICAL ACTION COMMITTEE,http://docquery.fec.gov/cgi-bin/fecimg/?C00385377,"DUNCAN, JOHN J REP. JR.",DUNCAN,$337.00,"$10,758.00","$302,319.49",2013-10-31
C00436410,ROCK CITY PAC,http://docquery.fec.gov/cgi-bin/fecimg/?C00436410,"CORKER, SENATOR",,"$97,251.50","$127,497.60","$95,487.64",2013-06-30
C00546010,ROCKET PAC,http://docquery.fec.gov/cgi-bin/fecimg/?C00546010,,RUSH HOLT,"$10,000.00",,"$10,000.00",2013-06-30
C00545970,ROLE MODEL LEADERSHIP PAC,http://docquery.fec.gov/cgi-bin/fecimg/?C00545970,"WILSON, FREDERICA S",WILSON,,,,2013-06-30
C00497578,ROLL ON COLUMBIA POLITICAL ACTION COMMITTEE,http://docquery.fec.gov/cgi-bin/fecimg/?C00497578,,,"$2,500.00","$3,084.70","$16,944.21",2013-06-30
C00165548,SAC PAC,http://docquery.fec.gov/cgi-bin/fecimg/?C00165548,"MATSUI, DORIS",MATSUI,"$21,000.00","$21,026.00","$21,439.87",2013-10-31
C00534032,SAFEGUARDING AMERICAN LIBERTIES MORALS & OPPORTUNITIES NOW (SALMON) PAC,http://docquery.fec.gov/cgi-bin/fecimg/?C00534032,,MATT SALMON,"$9,500.00","$4,253.60","$5,246.00",2013-06-30
C00431635,SAN DIEGO PAC,http://docquery.fec.gov/cgi-bin/fecimg/?C00431635,,BOB FILNER,$510.00,"$1,023.20",,2013-06-30
C00461723,SAVE AMERICA PAC,http://docquery.fec.gov/cgi-bin/fecimg/?C00461723,,JAMES E RISCH,"$5,500.00","$10,350.00","$20,167.62",2013-09-30
C00461996,SAWTOOTH POLITICAL ACTION COMMITTEE (SAWTOOTH PAC),http://docquery.fec.gov/cgi-bin/fecimg/?C00461996,,MICHAEL K SIMPSON,"$46,500.00","$23,663.10","$27,840.33",2013-06-30
C00486720,SEA CHANGE LEADERSHIP PAC,http://docquery.fec.gov/cgi-bin/fecimg/?C00486720,,KAREN BASS,"$5,000.00","$2,052.00","$21,024.13",2013-06-30
C00327395,SEARCHLIGHT LEADERSHIP FUND,http://docquery.fec.gov/cgi-bin/fecimg/?C00327395,"REID, HARRY",REID,"$645,515.40","$558,989.60","$266,058.46",2013-11-05
C00345702,SECURE AMERICA'S MAJORITY PAC,http://docquery.fec.gov/cgi-bin/fecimg/?C00345702,"JOHNSON, SAMUEL",JOHNSON,"$7,501.80","$5,007.10","$23,302.74",2013-09-30
C00411611,SECURE PAC,http://docquery.fec.gov/cgi-bin/fecimg/?C00411611,,BENNIE G. THOMPSON,"$79,034.70","$21,697.80","$113,031.62",2013-10-31
C00544262,SEMPER FI PAC,http://docquery.fec.gov/cgi-bin/fecimg/?C00544262,,PAUL COOK,,,,2013-06-30
C00448696,SENATE CONSERVATIVES FUND,http://docquery.fec.gov/cgi-bin/fecimg/?C00448696,"DEMINT, JAMES W",DEMINT,"$6,631,796.50","$6,713,804.80","$1,126,988.12",2013-10-31
C00368431,SENATE MAJORITY FUND,http://docquery.fec.gov/cgi-bin/fecimg/?C00368431,,ARIZONA FUND,$73.40,"$37,403.20","$85,467.11",2013-06-30
C00416289,SERVING AMERICA'S CITIZENS PAC  (SACPAC),http://docquery.fec.gov/cgi-bin/fecimg/?C00416289,,REP. DANIEL E. LUNGREN,,"$1,339.70","$3,315.71",2013-06-30
C00402784,SHARP PENCIL PAC,http://docquery.fec.gov/cgi-bin/fecimg/?C00402784,"COBLE, JOHN HOWARD",COBLE,"$5,000.00","$2,086.00","$5,545.17",2013-06-30
C00474841,SHERIFF PAC,http://docquery.fec.gov/cgi-bin/fecimg/?C00474841,"REICHERT, DAVE",REICHERT,"$10,000.00","$5,970.50","$7,128.17",2013-09-30
C00410308,SHORE PAC,http://docquery.fec.gov/cgi-bin/fecimg/?C00410308,"PALLONE, FRANK",,"$20,006.00","$33,939.10","$20,187.13",2013-10-31
C00410621,SHOW-ME POLITICAL ACTION COMMITTEE,http://docquery.fec.gov/cgi-bin/fecimg/?C00410621,"GRAVES, SAM",N/A,"$5,000.00",$100.00,"$26,034.42",2013-06-30
C00364901,SILVER STATE 21ST CENTURY PAC,http://docquery.fec.gov/cgi-bin/fecimg/?C00364901,"BERKLEY, SHELLEY",BERKLEY,,$15.70,,2013-02-28
C00470666,SKIPAC,http://docquery.fec.gov/cgi-bin/fecimg/?C00470666,,JAMES D MATHESON,"$2,000.00","$3,653.30","$9,227.04",2013-06-30
C00360388,SOLIDARITY PAC,http://docquery.fec.gov/cgi-bin/fecimg/?C00360388,,GEORGE MILLER,"$141,800.00","$84,108.70","$128,369.83",2013-06-30
C00335448,SOLUTIONS AMERICA PAC,http://docquery.fec.gov/cgi-bin/fecimg/?C00335448,,,,,$93.71,2013-11-30
C00544502,SOLUTIONS PAC,http://docquery.fec.gov/cgi-bin/fecimg/?C00544502,,DAN MAFFEI,$199.00,,$199.00,2013-06-30
C00437400,"SOONERS UNITED FOR LEADERSHIP, LOYALTY AND YOU (SULLY) FUND",http://docquery.fec.gov/cgi-bin/fecimg/?C00437400,,JOHN SULLIVAN,"$2,500.00","$24,497.70","$11,633.28",2013-10-31
C00430371,SOUTH DAKOTA FIRST,http://docquery.fec.gov/cgi-bin/fecimg/?C00430371,,TIM JOHNSON,"$103,318.90","$79,486.40","$227,720.89",2013-06-30
C00361410,SOUTHERN CALIFORNIA FUND,http://docquery.fec.gov/cgi-bin/fecimg/?C00361410,,BRAD SHERMAN,"$20,000.00","$42,043.10",$188.19,2013-06-30
C00471334,SOUTHWEST LEADERSHIP FUND,http://docquery.fec.gov/cgi-bin/fecimg/?C00471334,"UDALL, TOM",UDALL,"$45,673.60","$67,716.40","$37,597.87",2013-06-30
C00376756,SPEAK UP AMERICA POLITICAL ACTION COMMITTEE,http://docquery.fec.gov/cgi-bin/fecimg/?C00376756,,JOE WILSON,"$5,000.00","$2,500.00","$2,823.39",2013-06-30
C00494898,"SPENDING CUTS OVER TOTAL TAXATION PAC, INC.",http://docquery.fec.gov/cgi-bin/fecimg/?C00494898,"BROWN, SCOTT P.",BROWN,,"$23,650.80",,2013-08-27
C00404418,STAND TALL AMERICA PAC (STAPAC),http://docquery.fec.gov/cgi-bin/fecimg/?C00404418,"THORNBERRY, MAC",THORNBERRY,"$25,000.00","$27,878.70","$36,172.46",2013-06-30
C00323923,STONEWALL DEMOCRATIC CLUB,http://docquery.fec.gov/cgi-bin/fecimg/?C00323923,,,,$904.40,"$1,743.31",2013-09-30
C00497842,STRATEGY PAC,http://docquery.fec.gov/cgi-bin/fecimg/?C00497842,,RON JOHNSON,"$68,000.00","$34,951.20","$59,278.04",2013-06-30
C00488189,STRENGTHEN AMERICA PAC,http://docquery.fec.gov/cgi-bin/fecimg/?C00488189,,JOHN F TIERNEY,,"$3,700.00","$17,186.75",2013-09-30
C00501478,SUPPORT TO ENSURE VICTORY EVERYWHERE PAC-STEVE PAC,http://docquery.fec.gov/cgi-bin/fecimg/?C00501478,,MR STEVE STIVERS,"$28,000.00","$22,993.80","$10,317.32",2013-06-30
C00453324,SUPPORTING CONSERVATIVES OF TODAY AND TOMORROW (SCOTT PAC),http://docquery.fec.gov/cgi-bin/fecimg/?C00453324,,SCOTT GARRETT VICTORY COMMITTEE,"$106,500.00","$97,387.40","$61,551.74",2013-11-30
C00409623,SYNERGY PAC,http://docquery.fec.gov/cgi-bin/fecimg/?C00409623,"LARSON, JOHN",,"$77,500.00","$92,965.20","$90,073.40",2013-06-30
C00481242,TAKIN BACK AMERICA PAC,http://docquery.fec.gov/cgi-bin/fecimg/?C00481242,,W TODD AKIN,,"$5,102.00","$36,880.04",2013-06-30
C00546325,TAKING AN INDEPENDENT PERSPECTIVE TOGETHER FOR OUR NATION PAC,http://docquery.fec.gov/cgi-bin/fecimg/?C00546325,,,,,,
C00461137,TAKING OUR MAJORITY PAC (T.O.M.PAC),http://docquery.fec.gov/cgi-bin/fecimg/?C00461137,,MCCLINTOCK FOR CONGRESS,,$31.50,"$3,092.85",2013-11-30
C00448019,TAKING THE HILL PAC,http://docquery.fec.gov/cgi-bin/fecimg/?C00448019,,,,,,
C00363689,TALLATCHEE CREEK INC. PAC,http://docquery.fec.gov/cgi-bin/fecimg/?C00363689,"SESSIONS, JEFF",SESSIONS,"$67,500.00","$76,517.20","$9,922.28",2013-11-30
C00506428,TAR HEEL POLITICAL ACTION COMMITTEE,http://docquery.fec.gov/cgi-bin/fecimg/?C00506428,,MIKE MCINTYRE,,$414.20,"$6,585.00",2013-09-30
C00493239,TAXPAYERS INCENSED BY GOVERNMENT EXCESS AND REGULATION PAC,http://docquery.fec.gov/cgi-bin/fecimg/?C00493239,,DENNIS ROSS,"$14,000.00","$9,024.40","$10,150.45",2013-09-30
C00460188,TEJANO POLITICAL ACTION COMMITTEE,http://docquery.fec.gov/cgi-bin/fecimg/?C00460188,"RODRIGUEZ, CIRO",RODRIGUEZ,,,,
C00388421,TENN POLITICAL ACTION COMMITTEE INC (TENN PAC),http://docquery.fec.gov/cgi-bin/fecimg/?C00388421,"ALEXANDER, LAMAR",,"$94,600.00","$71,294.50","$28,624.44",2013-07-15
C00361816,TEX-USA FUND,http://docquery.fec.gov/cgi-bin/fecimg/?C00361816,"EDWARDS, REP. CHET",EDWARDS,,"$3,078.30",$82.90,2013-06-25
C00439398,TEXAS FIRST PAC,http://docquery.fec.gov/cgi-bin/fecimg/?C00439398,,HENRY C. CUELLAR,"$6,000.00","$6,800.00","$16,522.30",2013-06-30
C00340661,TEXAS FREEDOM FUND,http://docquery.fec.gov/cgi-bin/fecimg/?C00340661,"BARTON, JOE",BARTON,"$7,001.10","$13,059.50","$12,864.61",2013-09-30
C00481531,TEXAS REPUBLICANS UNITED POLITICAL ACTION COMMITTEE (TRU PAC),http://docquery.fec.gov/cgi-bin/fecimg/?C00481531,"MCCAUL, MICHAEL",MCCAUL,"$11,000.00","$4,868.40","$6,453.00",2013-10-31
C00409680,"THE BADGER FUND, INC.",http://docquery.fec.gov/cgi-bin/fecimg/?C00409680,,"PETRI, TOM","$2,500.00","$8,500.00","$11,814.08",2013-11-30
C00328468,THE COMMITTEE FOR THE PRESERVATION OF CAPITALISM,http://docquery.fec.gov/cgi-bin/fecimg/?C00328468,,CHARLES BOUSTANY,"$168,616.50","$145,231.70","$59,936.50",2013-10-31
C00379479,THE HAWKEYE PAC,http://docquery.fec.gov/cgi-bin/fecimg/?C00379479,,CHARLES E. GRASSLEY,"$143,100.00","$104,835.80","$51,201.01",2013-06-30
C00381681,THE KEYSTONE FUND,http://docquery.fec.gov/cgi-bin/fecimg/?C00381681,,MIKE DOYLE,"$12,400.00","$4,175.00","$10,594.85",2013-06-30
C00202861,THE SENATE VICTORY FUND PAC,http://docquery.fec.gov/cgi-bin/fecimg/?C00202861,"COCHRAN, THAD",COCHRAN,"$101,119.90","$139,651.80","$509,343.37",2013-10-31
C00359448,THE SPIRIT FUND,http://docquery.fec.gov/cgi-bin/fecimg/?C00359448,"STEARNS, CLIFFORD B.",,"$1,401.90","$10,557.00",,2013-02-28
C00548206,THEMIS PAC,http://docquery.fec.gov/cgi-bin/fecimg/?C00548206,,TREY GOWDY,,,,
C00425439,THOROUGHBRED PAC,http://docquery.fec.gov/cgi-bin/fecimg/?C00425439,"WHITFIELD, ED",WHITFIELD,"$62,500.00","$42,011.60","$240,394.31",2013-06-30
C00473116,THREE RIVERS POLITICAL ACTION COMMITTEE,http://docquery.fec.gov/cgi-bin/fecimg/?C00473116,,KURT SCHRADER,,"$1,500.00",$995.50,2013-06-30
C00460857,TIDEWATER POLITICAL ACTION COMMITTEE,http://docquery.fec.gov/cgi-bin/fecimg/?C00460857,,,,$322.00,$196.85,2013-06-30
C00542993,TIME TO UNITE LEAD AND SERVE WITH INTEGRITY - TULSI PAC,http://docquery.fec.gov/cgi-bin/fecimg/?C00542993,"GABBARD, TULSI",GABBARD,$400.00,$252.80,$147.22,2013-06-30
C00505297,TITLETOWN PAC,http://docquery.fec.gov/cgi-bin/fecimg/?C00505297,"RIBBLE, REID",RIBBLE,"$49,558.60","$43,528.70","$6,459.43",2013-10-31
C00513523,TN4UPAC,http://docquery.fec.gov/cgi-bin/fecimg/?C00513523,,,"$7,500.00","$2,800.00","$12,387.84",2013-06-30
C00484055,TOGETHER ENCOURAGING DEMOCRACY - T.E.D. PAC,http://docquery.fec.gov/cgi-bin/fecimg/?C00484055,"DEUTCH, THEODORE",,"$3,000.00",$691.30,"$9,737.04",2013-06-30
C00525030,TOGETHER EVERYONE REALIZES REAL IMPACT PAC AKA TERRI PAC,http://docquery.fec.gov/cgi-bin/fecimg/?C00525030,,TERRI A SEWELL,"$1,000.00","$2,097.00","$7,237.41",2013-06-30
C00364174,TOGETHER FOR OUR MAJORITY POLITICAL ACTION COMMITTEE (TOMPAC),http://docquery.fec.gov/cgi-bin/fecimg/?C00364174,,,$538.40,"$5,103.00","$375,757.05",2013-10-31
C00495887,TOMORROW IS MEANINGFUL PAC-TIM PAC,http://docquery.fec.gov/cgi-bin/fecimg/?C00495887,"SCOTT, TIMOTHY E",SCOTT,"$45,000.00","$28,551.60","$42,021.20",2013-06-30
C00526657,TOWARD TOMORROW PAC,http://docquery.fec.gov/cgi-bin/fecimg/?C00526657,,JOAQUIN CASTRO,"$7,100.00","$34,032.60","$2,594.83",2013-06-30
C00420661,TRANS PAC,http://docquery.fec.gov/cgi-bin/fecimg/?C00420661,"LATOURETTE, STEVEN",L2,,,,
C00433680,TREASURE STATE PAC,http://docquery.fec.gov/cgi-bin/fecimg/?C00433680,"TESTER, JON",,"$277,116.00","$247,457.10","$41,264.63",2013-10-31
C00417865,TRUEDEM LEADERSHIP FUND,http://docquery.fec.gov/cgi-bin/fecimg/?C00417865,,REP MARCY KAPTUR,"$7,500.00","$17,893.80","$1,003.92",2013-09-30
C00330720,TRUST PAC TEAM REPUBLICANS FOR UTILIZING SENSIBLE TACTICS,http://docquery.fec.gov/cgi-bin/fecimg/?C00330720,"UPTON, FREDERICK STEPHEN",,"$383,167.00","$309,744.70","$299,606.63",2013-10-16
C00413070,TRUTH ACCOUNTABILITY AND COURAGE POLITICAL ACTION COMMITTEE (TACPAC),http://docquery.fec.gov/cgi-bin/fecimg/?C00413070,"COBURN, SENATOR THOMAS",COBURN,"$235,004.50","$205,263.00","$79,628.39",2013-10-31
C00523894,TRUTH IN LEADERSHIP COMMITTEE,http://docquery.fec.gov/cgi-bin/fecimg/?C00523894,,STACEY LAWSON,,,,
C00498360,TRUTH IS MARKETS WORK FUND A/K/A TIM W FUND,http://docquery.fec.gov/cgi-bin/fecimg/?C00498360,,TIMOTHY L WALBERG,$50.00,$832.30,"$5,028.18",2013-06-30
C00517235,TURQUOISE PAC,http://docquery.fec.gov/cgi-bin/fecimg/?C00517235,,BEN R LUJAN,"$40,264.00","$37,907.00","$11,546.71",2013-06-30
C00429787,UNITED FOR PROGRESS LEADERSHIP COMMITTEE,http://docquery.fec.gov/cgi-bin/fecimg/?C00429787,"COSTELLO, JERRY",,,"$11,173.40","$248,766.57",2013-10-31
C00345033,UNITED IN FREEDOM,http://docquery.fec.gov/cgi-bin/fecimg/?C00345033,"SWEENEY, JOHN",,,,"$2,866.13",2013-06-30
C00422774,USA PAC - UNITED FOR A STRONG AMERICA,http://docquery.fec.gov/cgi-bin/fecimg/?C00422774,"SCHIFF, ADAM",SCHIFF,,"$1,219.00","$2,018.37",2013-06-30
C00431197,VALLEY POLITICAL ACTION COMMITTEE,http://docquery.fec.gov/cgi-bin/fecimg/?C00431197,,REPRESENTATIVE COLLIN C. PETERSON,"$89,552.80","$62,240.00","$42,708.63",2013-11-30
C00499798,VICKY PAC,http://docquery.fec.gov/cgi-bin/fecimg/?C00499798,"HARTZLER, VICKY",HARTZLER,$500.00,"$3,459.30","$2,184.23",2013-09-30
C00378695,VICTORY IN NOVEMBER ELECTION PAC (VINEPAC),http://docquery.fec.gov/cgi-bin/fecimg/?C00378695,,MIKE THOMPSON,"$62,233.20","$53,001.00","$47,502.01",2013-06-30
C00416743,VICTORY NOW PAC,http://docquery.fec.gov/cgi-bin/fecimg/?C00416743,,CHRIS VAN HOLLEN,"$120,776.00","$110,795.50","$24,639.44",2013-10-31
C00344374,VICTORY POLITICAL ACTION COMMITTEE,http://docquery.fec.gov/cgi-bin/fecimg/?C00344374,,,,,"$31,077.56",2013-10-31
C00521021,VICTORYPAC,http://docquery.fec.gov/cgi-bin/fecimg/?C00521021,,REP GARY L ACKERMAN,"$1,000.00",$251.60,"$18,570.43",2013-09-30
C00378356,VIRGINIA LEADERSHIP PAC,http://docquery.fec.gov/cgi-bin/fecimg/?C00378356,"MORAN, JAMES",MORAN,"$19,500.00","$9,272.80","$83,592.98",2013-06-30
C00486332,VISION FOR AMERICA,http://docquery.fec.gov/cgi-bin/fecimg/?C00486332,,JACKIE SPEIER,"$11,819.20","$8,007.00","$4,675.74",2013-06-30
C00551838,VITORIA POLITICAL ACTION COMMITTEE (VITORIA PAC),http://docquery.fec.gov/cgi-bin/fecimg/?C00551838,,CONGRESSMAN DAVID VALADAO,,,,
C00409805,VOICE FOR FREEDOM,http://docquery.fec.gov/cgi-bin/fecimg/?C00409805,,THOMAS EDMUNDS PRICE,"$123,944.20","$81,146.80","$74,176.82",2013-10-31
C00431403,VOTE TO ELECT REPUBLICANS NOW PAC (VERN PAC),http://docquery.fec.gov/cgi-bin/fecimg/?C00431403,,VERNON BUCHANAN,"$64,648.30","$55,111.90","$11,448.04",2013-06-30
C00438721,WE THE PEOPLE PAC,http://docquery.fec.gov/cgi-bin/fecimg/?C00438721,,ALLYSON Y. SCHWARTZ,"$48,000.00","$13,476.80","$43,043.84",2013-06-30
C00500793,WELLS PAC,http://docquery.fec.gov/cgi-bin/fecimg/?C00500793,"SCOTT, JAMES",SCOTT,"$18,000.00","$10,019.50","$9,742.92",2013-10-31
C00370932,WHITE MOUNTAIN PAC,http://docquery.fec.gov/cgi-bin/fecimg/?C00370932,,THE NASHUA PAC,,"$58,381.90","$44,192.11",2013-06-30
C00500256,WHO DAT PAC,http://docquery.fec.gov/cgi-bin/fecimg/?C00500256,"RICHMOND, CEDRIC",RICHMOND,"$26,900.00","$29,666.00","$15,003.06",2013-06-30
C00489336,WILD AND WONDERFUL PAC,http://docquery.fec.gov/cgi-bin/fecimg/?C00489336,,SHELLEY MOORE CAPITO,"$27,500.00","$26,209.50","$65,883.06",2013-10-31
C00383927,WIN BACK AMERICA POLITICAL ACTION COMMITTEE,http://docquery.fec.gov/cgi-bin/fecimg/?C00383927,"PENCE, MIKE",PENCE,"$4,805.50","$4,633.00","$5,210.31",2013-06-30
C00516013,WINNOVEMBER POLITICAL ACTION COMMITTEE,http://docquery.fec.gov/cgi-bin/fecimg/?C00516013,,STEVE CHABOT,"$2,500.00","$7,850.00","$4,939.61",2013-06-30
C00457648,WINPAC,http://docquery.fec.gov/cgi-bin/fecimg/?C00457648,,DIANE E E WATSON,,,,
C00451583,WOLVERINE PAC,http://docquery.fec.gov/cgi-bin/fecimg/?C00451583,,JOHN D. DINGELL,,$565.00,"$13,773.48",2013-06-30
C00497305,YOPAC,http://docquery.fec.gov/cgi-bin/fecimg/?C00497305,"YODER, REP. KEVIN W.",YODER,,"$14,891.60","$13,840.65",2013-06-30
C00402636,ZIA POLITICAL ACTION COMMITTEE,http://docquery.fec.gov/cgi-bin/fecimg/?C00402636,,,,"$5,496.80",,2013-01-31
